source_id,name,gender,masterCategory,subCategory,category,color,season,year,usage,price,local_image_filename
50995,Enamor Trendies Pink Striped Full-Coverage Bra EB37,Women,Apparel,Innerwear,Bra,Pink,Summer,2017.0,Casual,950,50995.jpg
56278,Biara Skin Coloured Everyday Support Bra MW 1002,Women,Apparel,Innerwear,Bra,Skin,Summer,2017.0,Casual,410,56278.jpg
30510,Lovable Women Spice White Bra,Women,Apparel,Innerwear,Bra,White,Summer,2014.0,Casual,320,30510.jpg
56284,Biara White Everyday Support Bra,Women,Apparel,Innerwear,Bra,White,Summer,2017.0,Casual,580,56284.jpg
56277,Biara Maroon Everyday Support Bra MW 1002,Women,Apparel,Innerwear,Bra,Maroon,Summer,2017.0,Casual,550,56277.jpg
53475,Amante Pink Full-Coverage Bra BCSB01,Women,Apparel,Innerwear,Bra,Pink,Summer,2017.0,Casual,530,53475.jpg
30468,Lovable Women All Day Long Black Bra,Women,Apparel,Innerwear,Bra,Black,Summer,2014.0,Casual,440,30468.jpg
27456,Jockey Women White Full-Coverage Bra 1616,Women,Apparel,Innerwear,Bra,White,Winter,2015.0,Casual,400,27456.jpg
59692,Avirate Black Bra,Women,Apparel,Innerwear,Bra,Black,Summer,2014.0,Casual,990,59692.jpg
30498,Lovable Women Fiona Brown Bra,Women,Apparel,Innerwear,Bra,Brown,Summer,2012.0,Casual,860,30498.jpg
21663,Enamor Women White Smooth Bra,Women,Apparel,Innerwear,Bra,White,Summer,2014.0,Casual,390,21663.jpg
30515,Lovable Women Spice Blue Bra,Women,Apparel,Innerwear,Bra,Blue,Summer,2017.0,Casual,900,30515.jpg
54318,Garfield Women Pink & Red Bra,Women,Apparel,Innerwear,Bra,Red,Summer,2017.0,Casual,730,54318.jpg
50966,Enamor Navy Blue Smooth Bra,Women,Apparel,Innerwear,Bra,Navy Blue,Summer,2017.0,Casual,330,50966.jpg
53508,Amante White Full-Coverage Bra BFOM12,Women,Apparel,Innerwear,Bra,White,Winter,2015.0,Casual,330,53508.jpg
51021,Enamor Wine Coloured Smooth Bra,Women,Apparel,Innerwear,Bra,Maroon,Summer,2017.0,Casual,390,51021.jpg
57361,Amante Pink Printed Full-Coverage Bra BGTC01,Women,Apparel,Innerwear,Bra,Pink,Winter,2015.0,Casual,520,57361.jpg
30529,Lovable Cotton Essensuals Skin Coloured Bra,Women,Apparel,Innerwear,Bra,Skin,Spring,2013.0,Casual,540,30529.jpg
51011,Enamor Lavender Reveal Bra,Women,Apparel,Innerwear,Bra,Lavender,Summer,2017.0,Casual,820,51011.jpg
17466,Beyouty Women Zena BR 01 White Bra,Women,Apparel,Innerwear,Bra,White,Summer,2017.0,Casual,920,17466.jpg
53478,Amante Off-White Full-Coverage Bra BCSB02,Women,Apparel,Innerwear,Bra,Off White,Summer,2017.0,Casual,330,53478.jpg
56286,Biara Women Skin  Bra,Women,Apparel,Innerwear,Bra,Skin,Summer,2017.0,Casual,870,56286.jpg
21611,Enamor Women Smooth Pink Bra,Women,Apparel,Innerwear,Bra,Pink,Summer,2014.0,Casual,500,21611.jpg
27129,Miss-T White Bra,Women,Apparel,Innerwear,Bra,White,Summer,2017.0,Casual,960,27129.jpg
51832,Bwitch Beige Full-Coverage Bra BW335,Women,Apparel,Innerwear,Bra,Beige,Summer,2016.0,Casual,860,51832.jpg
59725,Avirate White Bra,Women,Apparel,Innerwear,Bra,White,Summer,2012.0,Casual,730,59725.jpg
51000,Enamor Maroon Bra FB06,Women,Apparel,Innerwear,Bra,Maroon,Summer,2018.0,Casual,520,51000.jpg
53480,Amante Mushroom Brown Full-Coverage Bra BCSB02,Women,Apparel,Innerwear,Bra,Mushroom Brown,Summer,2017.0,Casual,760,53480.jpg
51019,Enamor Buff Coloured Reveal Bra,Women,Apparel,Innerwear,Bra,Beige,Summer,2017.0,Casual,900,51019.jpg
57316,Amante Pink Full-Coverage Lace Bra BCFR01,Women,Apparel,Innerwear,Bra,Pink,Winter,2015.0,Casual,580,57316.jpg
56288,Biara Women Black Bra,Women,Apparel,Innerwear,Bra,Black,Winter,2015.0,Casual,300,56288.jpg
27451,Jockey Essence Beige Full-Coverage Bra 1615,Women,Apparel,Innerwear,Bra,Beige,Summer,2018.0,Casual,460,27451.jpg
51018,Enamor Black Bra,Women,Apparel,Innerwear,Bra,Black,Summer,2017.0,Casual,730,51018.jpg
51024,Enamor Cream Smooth Bra,Women,Apparel,Innerwear,Bra,Cream,Summer,2017.0,Casual,650,51024.jpg
30463,Lovable Women All Day Long Pink Bra,Women,Apparel,Innerwear,Bra,Pink,Summer,2014.0,Casual,580,30463.jpg
51025,Enamor Mauve Glow Smooth Bra,Women,Apparel,Innerwear,Bra,Pink,Summer,2017.0,Casual,460,51025.jpg
57350,Amante Black T-Shirt Bra BGSB01,Women,Apparel,Innerwear,Bra,Black,Winter,2015.0,Casual,520,57350.jpg
56294,Biara Women Rose  Bra,Women,Apparel,Innerwear,Bra,Rose,Summer,2017.0,Casual,640,56294.jpg
30505,Lovable Women Momeez White Bra,Women,Apparel,Innerwear,Bra,White,Summer,2015.0,Casual,400,30505.jpg
50970,Enamor Women Purple Bra,Women,Apparel,Innerwear,Bra,Purple,Summer,2017.0,Casual,390,50970.jpg
15789,Facit Men Grey Comfort Briefs,Men,Apparel,Innerwear,Briefs,Grey,Summer,2016.0,Casual,390,15789.jpg
28043,Jockey ELANCE Men Grey Melange Brief 1008,Men,Apparel,Innerwear,Briefs,Grey Melange,Summer,2016.0,Casual,250,28043.jpg
53537,Amante Women Pack of 3 Assorted Briefs PFCP12,Women,Apparel,Innerwear,Briefs,Multi,Winter,2015.0,Casual,380,53537.jpg
27976,Jockey Men Charcoal Zone Stretch Briefs,Men,Apparel,Innerwear,Briefs,Charcoal,Winter,2016.0,Casual,630,27976.jpg
28896,Enamor Women Maroon Mid-Rise Bikini Brief,Women,Apparel,Innerwear,Briefs,Maroon,Summer,2017.0,Casual,380,28896.jpg
45633,Park Avenue Men Navy Blue Swank Brief,Men,Apparel,Innerwear,Briefs,Navy Blue,Summer,2016.0,Casual,510,45633.jpg
28048,Jockey ELANCE Men White Hi-Cut Brief 1008,Men,Apparel,Innerwear,Briefs,White,Summer,2016.0,Casual,330,28048.jpg
53469,Amante Women Mauve Briefs BCNE11,Women,Apparel,Innerwear,Briefs,Mauve,Winter,2015.0,Casual,610,53469.jpg
53527,Amante Women Maroon Lace Briefs PCFR21,Women,Apparel,Innerwear,Briefs,Maroon,Summer,2018.0,Casual,220,53527.jpg
25388,Levis Men Pack of 3 Briefs,Men,Apparel,Innerwear,Briefs,White,Summer,2016.0,Casual,570,25388.jpg
18391,Undercolors of Benetton Men Pack of 2 White V-Briefs,Men,Apparel,Innerwear,Briefs,White,Summer,2016.0,Casual,430,18391.jpg
50523,Chromozome Men Black Pack of 2 Briefs,Men,Apparel,Innerwear,Briefs,Black,Winter,2016.0,Casual,470,50523.jpg
57409,Amante Women Off-White Lace Bikini Briefs PGSM02,Women,Apparel,Innerwear,Briefs,Off White,Winter,2015.0,Casual,260,57409.jpg
27983,Jockey ZONE Men Zone Grey Brief US14,Men,Apparel,Innerwear,Briefs,Grey,Summer,2016.0,Casual,700,27983.jpg
19486,Levis Men Jazz Stripes Blue Brief,Men,Apparel,Innerwear,Briefs,Blue,Summer,2016.0,Casual,670,19486.jpg
54608,Jockey ELANCE Men Blue Briefs 1009,Men,Apparel,Innerwear,Briefs,Blue,Summer,2016.0,Casual,390,54608.jpg
32717,Facit Men Black Brief,Men,Apparel,Innerwear,Briefs,Black,Summer,2016.0,,240,32717.jpg
25346,Levis Men Black  Brief,Men,Apparel,Innerwear,Briefs,Black,Summer,2016.0,Casual,480,25346.jpg
28895,Enamor Women Pink Mid-Rise Bikini Brief,Women,Apparel,Innerwear,Briefs,Pink,Summer,2017.0,Casual,350,28895.jpg
50916,Parx Men White Briefs,Men,Apparel,Innerwear,Briefs,White,Summer,2016.0,Casual,620,50916.jpg
50990,Enamor Women Red Briefs,Women,Apparel,Innerwear,Briefs,Red,Summer,2017.0,Casual,520,50990.jpg
59685,Avirate Grey Boyshort Brief,Women,Apparel,Innerwear,Briefs,Grey,Summer,2012.0,Casual,520,59685.jpg
31415,Spykar Men Navy Blue Trevor Brief,Men,Apparel,Innerwear,Briefs,Navy Blue,Summer,2016.0,Casual,650,31415.jpg
47262,FCUK Underwear Men White & Black Brief,Men,Apparel,Innerwear,Briefs,White,Summer,2016.0,Casual,640,47262.jpg
28053,Jockey ELANCE Men Navy Blue Pack of 2 Briefs 1009,Men,Apparel,Innerwear,Briefs,Navy Blue,Summer,2016.0,Casual,380,28053.jpg
50480,Chromozome Men Grey Briefs,Men,Apparel,Innerwear,Briefs,Grey Melange,Winter,2016.0,Casual,490,50480.jpg
50626,Chromozome Men Grey Briefs,Men,Apparel,Innerwear,Briefs,Grey,Winter,2016.0,Casual,300,50626.jpg
45639,Park Avenue Men White Y Front Brief,Men,Apparel,Innerwear,Briefs,White,Summer,2016.0,Casual,560,45639.jpg
59677,Avirate Black & White  Brief,Women,Apparel,Innerwear,Briefs,Brown,Summer,2014.0,Casual,230,59677.jpg
15814,Facit Men Stringz Black Briefs,Men,Apparel,Innerwear,Briefs,Black,Summer,2016.0,Casual,220,15814.jpg
50591,Chromozome Men Red Briefs,Men,Apparel,Innerwear,Briefs,Red,Summer,2016.0,Casual,540,50591.jpg
50504,Chromozome Men Navy Blue Striped Brief,Men,Apparel,Innerwear,Briefs,Navy Blue,Winter,2016.0,Casual,320,50504.jpg
19355,Beyouty Women B01 Combo1 Fashion  Low-Rise Pack of 3 Breifs,Women,Apparel,Innerwear,Briefs,Blue,Summer,2017.0,Casual,590,19355.jpg
50458,Chromozome Men Grey & Orange Briefs,Men,Apparel,Innerwear,Briefs,Grey,Summer,2016.0,Casual,350,50458.jpg
50628,Chromozome Men White Briefs,Men,Apparel,Innerwear,Briefs,White,Summer,2016.0,Casual,240,50628.jpg
19485,Levis Men Jazz Stripes Grey Brief,Men,Apparel,Innerwear,Briefs,Grey,Summer,2016.0,Casual,640,19485.jpg
28000,Jockey ZONE Men Blue Tanga Brief US18,Men,Apparel,Innerwear,Briefs,Blue,Summer,2016.0,Casual,320,28000.jpg
25358,Levis Men Black & Red Brief,Men,Apparel,Innerwear,Briefs,Black,Summer,2016.0,Casual,640,25358.jpg
27513,Jockey Lace Stretch Skin Bikini Brief,Women,Apparel,Innerwear,Briefs,Skin,Winter,2015.0,Casual,250,27513.jpg
53531,Amante Women Pink Bikini Briefs PCLR02,Women,Apparel,Innerwear,Briefs,Pink,Summer,2017.0,Casual,390,53531.jpg
6874,Forever New Women Pink Sleeveless Dress,Women,Apparel,Dress,Dresses,Pink,Summer,2011.0,Casual,2140,6874.jpg
31128,Gini and Jony Girls Printed Teal Dress,Girls,Apparel,Dress,Dresses,Blue,Summer,2012.0,Casual,2860,31128.jpg
31126,Gini and Jony Girls White Dress,Girls,Apparel,Dress,Dresses,White,Summer,2012.0,Casual,3600,31126.jpg
31130,Gini and Jony Girls Printed Pink Dress,Girls,Apparel,Dress,Dresses,Pink,Summer,2012.0,Casual,2490,31130.jpg
4984,Palm Tree Girls Beyonce White & Blue Dress,Women,Apparel,Dress,Dresses,White,Summer,2011.0,Casual,1660,4984.jpg
25907,Femella Women Purple Dress,Women,Apparel,Dress,Dresses,Purple,Summer,2012.0,Casual,2520,25907.jpg
41302,Gini and Jony Girls Blue Saloppette,Girls,Apparel,Dress,Dresses,Pink,Summer,2012.0,Casual,2450,41302.jpg
46216,AND Women Pink Dress,Women,Apparel,Dress,Dresses,Pink,Summer,2012.0,Casual,1860,46216.jpg
52131,Doodle Girls Blue Printed Dress,Girls,Apparel,Dress,Dresses,Blue,Summer,2012.0,Casual,3740,52131.jpg
43510,French Connection Women Maroon Knitted Dress,Women,Apparel,Dress,Dresses,Maroon,Fall,2012.0,Casual,2090,43510.jpg
26974,Jealous 21 Women Pink Printed Dress,Women,Apparel,Dress,Dresses,Pink,Summer,2012.0,Casual,3870,26974.jpg
18736,Arrow Woman Rima Red Dress,Women,Apparel,Dress,Dresses,Red,Fall,2011.0,Casual,3800,18736.jpg
32581,ONLY Women Pink Dotted Print Dress,Women,Apparel,Dress,Dresses,Pink,Summer,2012.0,Casual,3650,32581.jpg
59991,Avirate Multicoloured Dress,Women,Apparel,Dress,Dresses,Multi,Fall,2012.0,Casual,1290,59991.jpg
16567,AND by Anita Dongre Women Printed Red Dresses,Women,Apparel,Dress,Dresses,Red,Fall,2011.0,Casual,3490,16567.jpg
27196,Doodle Girls Yellow Dress,Girls,Apparel,Dress,Dresses,Yellow,Summer,2012.0,Casual,3600,27196.jpg
10016,Palm Tree Girl's Cr Blossom Drs Pink Dresses,Women,Apparel,Dress,Dresses,Pink,Summer,2011.0,Casual,1700,10016.jpg
44688,Wills Lifestyle Women Off White Dress,Women,Apparel,Dress,Dresses,Off White,Summer,2012.0,Casual,3190,44688.jpg
54974,Femella Women Black Dress,Women,Apparel,Dress,Dresses,Black,Fall,2012.0,Casual,3980,54974.jpg
39716,Arrow Woman Women Blue Dress,Women,Apparel,Dress,Dresses,Blue,Summer,2012.0,Casual,2000,39716.jpg
48467,French Connection Women Red Dress,Women,Apparel,Dress,Dresses,Red,Summer,2012.0,Casual,1670,48467.jpg
48473,French Connection Women Blue Dress,Women,Apparel,Dress,Dresses,Blue,Winter,2011.0,Casual,2890,48473.jpg
25966,Femella Women Brown Dress,Women,Apparel,Dress,Dresses,Brown,Summer,2012.0,Casual,2550,25966.jpg
57035,Forever New Women Multi Coloured Dress,Women,Apparel,Dress,Dresses,Multi,Summer,2012.0,Casual,2100,57035.jpg
33969,Femella Women Black Dress,Women,Apparel,Dress,Dresses,Black,Spring,2012.0,Party,3620,33969.jpg
38839,Latin Quarters Women Black Printed Dress,Women,Apparel,Dress,Dresses,Olive,Summer,2012.0,Casual,3820,38839.jpg
52162,Femella Women Black Striped Tank Dress,Women,Apparel,Dress,Dresses,Black,Summer,2012.0,Casual,3280,52162.jpg
59981,Avirate  Black & Purple Women Dress,Women,Apparel,Dress,Dresses,Black,Fall,2012.0,Party,1900,59981.jpg
32576,ONLY Women Orange Party Dress,Women,Apparel,Dress,Dresses,Orange,Summer,2012.0,Casual,3800,32576.jpg
58494,Tonga Women Purple Dress,Women,Apparel,Dress,Dresses,Purple,Fall,2012.0,Casual,2330,58494.jpg
59980,Avirate Black & Cream Dress,Women,Apparel,Dress,Dresses,Black,Fall,2012.0,Casual,1230,59980.jpg
49631,Mineral Cream Dress,Women,Apparel,Dress,Dresses,Cream,Summer,2012.0,Casual,1940,49631.jpg
38843,Latin Quarters Women Zip Piping Navy Blue Dress,Women,Apparel,Dress,Dresses,Navy Blue,Summer,2012.0,Casual,1130,38843.jpg
43919,Femella Women Navy Blue Printed Dress,Women,Apparel,Dress,Dresses,Navy Blue,Summer,2012.0,Casual,2290,43919.jpg
48470,French Connection Teal Dress,Women,Apparel,Dress,Dresses,Teal,Summer,2012.0,Casual,2640,48470.jpg
58505,Tonga Women Printed Brown Dress,Women,Apparel,Dress,Dresses,Off White,Fall,2012.0,Casual,2100,58505.jpg
38832,Latin Quarters Women White & Pink Printed Dress,Women,Apparel,Dress,Dresses,White,Summer,2012.0,Casual,1270,38832.jpg
43586,Gini and Jony Girls Blue Saloppette,Girls,Apparel,Dress,Dresses,Blue,Summer,2012.0,Casual,1860,43586.jpg
4933,Gini and Jony Girl's Valerie Peach White Kidswear,Women,Apparel,Dress,Dresses,Peach,Summer,2011.0,Casual,3320,4933.jpg
26928,Jealous 21 Women Black Dress,Women,Apparel,Dress,Dresses,Black,Summer,2012.0,Casual,3940,26928.jpg
50519,Chromozome Men Charcoal Melange Innerwear Vest,Men,Apparel,Innerwear,Innerwear Vests,Charcoal,Summer,2016.0,Casual,360,50519.jpg
25371,Levis Men Maroon Innerwear Vest,Men,Apparel,Innerwear,Innerwear Vests,Maroon,Summer,2016.0,Casual,310,25371.jpg
37533,Madagascar3 Boys Yellow Innerwear Vest,Boys,Apparel,Innerwear,Innerwear Vests,Yellow,Summer,2012.0,Casual,530,37533.jpg
15825,Facit Men Sportz Red Innerwear Vest,Men,Apparel,Innerwear,Innerwear Vests,Red,Summer,2016.0,Casual,450,15825.jpg
15750,Facit Men Fitness Ves Navy Blue Innerwear Vests,Men,Apparel,Innerwear,Innerwear Vests,Navy Blue,Summer,2016.0,Casual,400,15750.jpg
37587,Madagascar3 Girls Green Innerwear Vest,Girls,Apparel,Innerwear,Innerwear Vests,Green,Summer,2012.0,Casual,530,37587.jpg
13572,Hanes Men Racer Back Red Innerwear Vests,Men,Apparel,Innerwear,Innerwear Vests,Red,Summer,2016.0,Casual,430,13572.jpg
49976,Hanes Men Red Innerwear Vest,Men,Apparel,Innerwear,Innerwear Vests,Red,Summer,2016.0,Casual,270,49976.jpg
17878,Levis Men Comfort Style Maroon Innerwear Vest,Men,Apparel,Innerwear,Innerwear Vests,Maroon,Summer,2016.0,Casual,330,17878.jpg
28487,Urban Yoga Men Printed Grey Innerwear T-shirt,Men,Apparel,Innerwear,Innerwear Vests,Grey,Summer,2016.0,Casual,270,28487.jpg
50499,Chromozome Men Grey Melange Innerwear Vest,Men,Apparel,Innerwear,Innerwear Vests,Grey Melange,Summer,2016.0,Casual,320,50499.jpg
13574,Hanes Men Rib Chest White Innerwear Vests,Men,Apparel,Innerwear,Innerwear Vests,White,Summer,2016.0,Casual,580,13574.jpg
15756,Facit Men Regular White Innerwear Vest,Men,Apparel,Innerwear,Innerwear Vests,White,Summer,2016.0,Casual,490,15756.jpg
18383,Undercolors of Benetton Men Racer White Innerwear Vest,Men,Apparel,Innerwear,Innerwear Vests,White,Summer,2016.0,Casual,470,18383.jpg
13584,Hanes Men Half Sleeve Crew Pack of 3 Beige Innerwear T-shirts,Men,Apparel,Innerwear,Innerwear Vests,Beige,Summer,2016.0,Casual,330,13584.jpg
49978,Hanes Men Navy Blue Innerwear Vest,Men,Apparel,Innerwear,Innerwear Vests,Navy Blue,Summer,2016.0,Casual,580,49978.jpg
25395,Levis Men White Innerwear T-shirt,Men,Apparel,Innerwear,Innerwear Vests,White,Summer,2016.0,Casual,500,25395.jpg
17879,Levis Men Comfort Style Green Innerwear Vest,Men,Apparel,Innerwear,Innerwear Vests,Green,Summer,2016.0,Casual,420,17879.jpg
31413,Spykar Men Grey Sporty Innerwear Vest,Men,Apparel,Innerwear,Innerwear Vests,Grey,Summer,2016.0,Casual,500,31413.jpg
47505,Facit Men Orange Innerwear Vest,Men,Apparel,Innerwear,Innerwear Vests,Orange,Summer,2016.0,Casual,400,47505.jpg
50498,Chromozome Men Maroon Innerwear Vest,Men,Apparel,Innerwear,Innerwear Vests,Maroon,Winter,2016.0,Casual,380,50498.jpg
17883,Levis Men Comfort Style Navy Blue Innerwear Vest,Men,Apparel,Innerwear,Innerwear Vests,Navy Blue,Summer,2016.0,Casual,310,17883.jpg
17891,Levis Men Cruiser Navy Blue Innerwear Vest,Men,Apparel,Innerwear,Innerwear Vests,Navy Blue,Summer,2016.0,Casual,270,17891.jpg
27968,Jockey SP-OW Men White Muscle Innerwear Vest SP11,Men,Apparel,Innerwear,Innerwear Vests,White,Summer,2016.0,Casual,460,27968.jpg
27970,Jockey Men Black Innerwear Vest,Men,Apparel,Innerwear,Innerwear Vests,Black,Summer,2016.0,Casual,450,27970.jpg
50495,Chromozome Men Blue Innerwear Vest,Men,Apparel,Innerwear,Innerwear Vests,Blue,Winter,2016.0,Casual,240,50495.jpg
45661,Park Avenue Men Grey Melange Square Neck Vest,Men,Apparel,Innerwear,Innerwear Vests,Grey Melange,Summer,2016.0,Casual,580,45661.jpg
50642,Chromozome Men Red Innerwear Vest,Men,Apparel,Innerwear,Innerwear Vests,Red,Winter,2016.0,Casual,220,50642.jpg
15752,Facit Men Bicep Tee Navy Blue Innerwear Vest,Men,Apparel,Innerwear,Innerwear Vests,Navy Blue,Summer,2016.0,Casual,260,15752.jpg
18371,Undercolors of Benetton Men T-Shirts Red Innerwear T-shirt,Men,Apparel,Innerwear,Innerwear Vests,Red,Summer,2016.0,Casual,280,18371.jpg
25391,Levis Men Maroon Innerwear T-shirt,Men,Apparel,Innerwear,Innerwear Vests,Maroon,Summer,2016.0,Casual,520,25391.jpg
25394,Levis Men White Innerwear T-shirt,Men,Apparel,Innerwear,Innerwear Vests,White,Summer,2016.0,Casual,280,25394.jpg
50941,Parx Men Red Vest,Men,Apparel,Innerwear,Innerwear Vests,Red,Summer,2016.0,Casual,550,50941.jpg
15820,Facit Men Basic White Innerwear Vest,Men,Apparel,Innerwear,Innerwear Vests,White,Summer,2016.0,Casual,420,15820.jpg
17877,Levisi Men Comfort Style Beige Innerwear Vest,Men,Apparel,Innerwear,Innerwear Vests,Beige,Summer,2016.0,Casual,500,17877.jpg
13617,Hanes Men Black V DuoDry Body Fit V-Neck T-shirt,Men,Apparel,Innerwear,Innerwear Vests,Black,Summer,2016.0,Casual,230,13617.jpg
50557,Chromozome Men Charcoal Melange Innerwear T-shirt,Men,Apparel,Innerwear,Innerwear Vests,Charcoal,Summer,2016.0,Casual,400,50557.jpg
50640,Chromozome Men Charcoal Innerwear Vest,Men,Apparel,Innerwear,Innerwear Vests,Charcoal,Summer,2016.0,Casual,390,50640.jpg
17889,Levis Men Cruiser Red Innerwear Vest,Men,Apparel,Innerwear,Innerwear Vests,Red,Summer,2016.0,Casual,500,17889.jpg
15766,Facit Men Smart Charcoal Innerwear Vest,Men,Apparel,Innerwear,Innerwear Vests,Charcoal,Summer,2016.0,Casual,440,15766.jpg
59130,Just Natural Men Black Jacket,Men,Apparel,Topwear,Jackets,Black,Summer,2012.0,Casual,3670,59130.jpg
7686,Puma Men Alonso Track Red Ferrari Jacket,Men,Apparel,Topwear,Jackets,Red,Fall,2011.0,Sports,2530,7686.jpg
6478,ADIDAS Men Top Grey Jacket,Men,Apparel,Topwear,Jackets,Grey,Summer,2011.0,Casual,3760,6478.jpg
36208,Gini Jony Boys Black Jacket,Boys,Apparel,Topwear,Jackets,Black,Summer,2012.0,Casual,1550,36208.jpg
17629,ADIDAS Men Solid Blue Jacket,Men,Apparel,Topwear,Jackets,Blue,Fall,2011.0,Casual,4280,17629.jpg
8478,Forever New Women Vintage Blue Jackets,Women,Apparel,Topwear,Jackets,Blue,Fall,2011.0,Casual,4450,8478.jpg
19012,ADIDAS Originals Women Supergirl TT Pink Jacket,Women,Apparel,Topwear,Jackets,Pink,Summer,2011.0,Casual,1970,19012.jpg
13835,Nike Men Solid Black Jackets,Men,Apparel,Topwear,Jackets,Black,Summer,2012.0,Sports,4290,13835.jpg
1622,Reebok Navy Knit Rib Jacket,Men,Apparel,Topwear,Jackets,Navy Blue,Summer,2016.0,Casual,3700,1622.jpg
46121,Wildcraft Women Black Jacket,Women,Apparel,Topwear,Jackets,Black,Summer,2015.0,Casual,4570,46121.jpg
15014,ADIDAS Men Solid Black Jackets,Men,Apparel,Topwear,Jackets,Black,Fall,2011.0,Sports,2590,15014.jpg
14322,ADIDAS Men Solid Black Jackets,Men,Apparel,Topwear,Jackets,Black,Fall,2011.0,Sports,4650,14322.jpg
11368,United Colors Of Benetton Women Light Winter Black Jackets,Women,Apparel,Topwear,Jackets,Black,Fall,2011.0,Casual,4120,11368.jpg
53435,ADIDAS Men Black Jacket,Men,Apparel,Topwear,Jackets,Black,Summer,2012.0,Sports,2890,53435.jpg
59112,Just Natural Men Olive Jacket,Men,Apparel,Topwear,Jackets,Olive,Summer,2012.0,Casual,1960,59112.jpg
3323,KKR Mens Fangear Tee,Men,Apparel,Topwear,Jackets,Blue,Summer,2011.0,Sports,2700,3323.jpg
16196,Puma Men Heroes Red Jackets,Men,Apparel,Topwear,Jackets,Red,Fall,2011.0,Sports,3280,16196.jpg
1584,Domyos Unisex Feather-light Jacket,Unisex,Apparel,Topwear,Jackets,White,Summer,2011.0,Casual,2150,1584.jpg
1530,Puma Men Ferrari Track Jacket,Men,Apparel,Topwear,Jackets,Red,Fall,2010.0,Sports,3360,1530.jpg
9947,ADIDAS Men Torment Blue Jackets,Men,Apparel,Topwear,Jackets,Blue,Fall,2011.0,Sports,1510,9947.jpg
19004,ADIDAS Originals Women Firebird Red Jacket,Women,Apparel,Topwear,Jackets,Red,Summer,2011.0,Casual,4460,19004.jpg
40051,ADIDAS Men Navy Messi Track Jacket,Men,Apparel,Topwear,Jackets,Navy Blue,Fall,2013.0,Sports,4450,40051.jpg
14960,Status Quo Men Printed Blue Jackets,Men,Apparel,Topwear,Jackets,Blue,Fall,2011.0,Casual,2580,14960.jpg
46412,ADIDAS Men White & Blue Jacket,Men,Apparel,Topwear,Jackets,White,Summer,2012.0,Sports,3550,46412.jpg
59117,Just Natural Men Black & Grey Reversible Jacket,Men,Apparel,Topwear,Jackets,Black,Summer,2012.0,Casual,4620,59117.jpg
13240,Palm Tree Kids Boys Solid White Jackets,Men,Apparel,Topwear,Jackets,White,Fall,2011.0,Casual,2230,13240.jpg
17151,U.S. Polo Assn. Men Solid Navy Blue Jacket,Men,Apparel,Topwear,Jackets,Navy Blue,Winter,2016.0,Casual,3580,17151.jpg
14961,Status Quo Men Printed Red Jackets,Men,Apparel,Topwear,Jackets,Red,Fall,2011.0,Casual,1930,14961.jpg
57064,Elle Women Black Jacket,Women,Apparel,Topwear,Jackets,Black,Summer,2012.0,Casual,4060,57064.jpg
1658,Nike Men Windrunner Blue Jacket,Men,Apparel,Topwear,Jackets,Blue,Fall,2012.0,Sports,2720,1658.jpg
9771,ADIDAS Men Adna Blue Jackets,Men,Apparel,Topwear,Jackets,Blue,Fall,2011.0,Casual,4950,9771.jpg
15966,Turtle Solid Men Grey Jacket,Men,Apparel,Topwear,Jackets,Grey,Fall,2011.0,Casual,4120,15966.jpg
20791,Basics Men Black Blazer Jacket,Men,Apparel,Topwear,Jackets,Black,Fall,2011.0,Casual,3580,20791.jpg
17150,U.S. Polo Assn. Men Solid Red Jacket,Men,Apparel,Topwear,Jackets,Red,Winter,2016.0,Casual,3990,17150.jpg
40922,Gini and Jony Boys Rodeo Blue Jacket,Boys,Apparel,Topwear,Jackets,Blue,Summer,2012.0,Casual,2310,40922.jpg
22316,Wildcraft Men Solid Grey Jacket,Men,Apparel,Topwear,Jackets,Grey,Fall,2011.0,Casual,2120,22316.jpg
12808,Nike Men Zip Pocket Blue Jackets,Men,Apparel,Topwear,Jackets,Blue,Fall,2011.0,Sports,3030,12808.jpg
22317,Wildcraft Men Solid Khaki Jacket,Men,Apparel,Topwear,Jackets,Khaki,Fall,2011.0,Casual,4620,22317.jpg
20790,Basics Men Blue Washed Jacket,Men,Apparel,Topwear,Jackets,Blue,Fall,2011.0,Casual,2160,20790.jpg
15464,Puma Men Frost HD Black Jackets,Men,Apparel,Topwear,Jackets,Black,Fall,2011.0,Casual,3710,15464.jpg
33538,Wrangler Women Black Giselle Jeans,Women,Apparel,Bottomwear,Jeans,Black,Summer,2012.0,Casual,3170,33538.jpg
16519,Locomotive Men Washed Black Jeans,Men,Apparel,Bottomwear,Jeans,Black,Fall,2011.0,Casual,1000,16519.jpg
42258,John Players Men Blue Jeans,Men,Apparel,Bottomwear,Jeans,Blue,Summer,2012.0,Casual,3450,42258.jpg
50948,Lee Women Black Jeans,Women,Apparel,Bottomwear,Jeans,Black,Winter,2011.0,Casual,2330,50948.jpg
5768,Jealous 21 Women Dark Blue Jeggning,Women,Apparel,Bottomwear,Jeans,Blue,Summer,2011.0,Casual,3000,5768.jpg
11331,United Colors of Benetton Men Washed Blue Jeans,Men,Apparel,Bottomwear,Jeans,Blue,Fall,2011.0,Casual,1080,11331.jpg
11520,United Colors of Benetton Women Denim Black Jeans,Women,Apparel,Bottomwear,Jeans,Black,Fall,2011.0,Casual,1460,11520.jpg
11351,Lee Men BUD PWL Blue Jeans,Men,Apparel,Bottomwear,Jeans,Blue,Fall,2011.0,Casual,2480,11351.jpg
44580,Lee Men Black Jet Jeans,Men,Apparel,Bottomwear,Jeans,Black,Summer,2017.0,Casual,2260,44580.jpg
11320,United Colors of Benetton Men Washed Grey Jeans,Men,Apparel,Bottomwear,Jeans,Grey,Fall,2011.0,Casual,1980,11320.jpg
26995,Jealous 21 Women Washed Light Blue Jeans,Women,Apparel,Bottomwear,Jeans,Blue,Summer,2012.0,Casual,1240,26995.jpg
51587,Wrangler Women Navy Blue Molly Jeans,Women,Apparel,Bottomwear,Jeans,Navy Blue,Summer,2012.0,Casual,1980,51587.jpg
14128,Flying Machine Women Washed Blue Jeans,Women,Apparel,Bottomwear,Jeans,Blue,Fall,2011.0,Casual,3320,14128.jpg
41010,Gini and Jony Girls Woven Navy Blue Jeans,Girls,Apparel,Bottomwear,Jeans,Navy Blue,Summer,2012.0,Casual,1320,41010.jpg
21583,Locomotive Men Washed Black Jeans,Men,Apparel,Bottomwear,Jeans,Black,Summer,2011.0,Casual,1350,21583.jpg
56852,John Players Men Blue Jeans,Men,Apparel,Bottomwear,Jeans,Blue,Fall,2012.0,Casual,2990,56852.jpg
12333,Spykar Women Ep Jeans Blue Jeans,Women,Apparel,Bottomwear,Jeans,Blue,Fall,2011.0,Casual,1280,12333.jpg
51595,Wrangler Women Blue Molly Jeans,Women,Apparel,Bottomwear,Jeans,Blue,Summer,2012.0,Casual,3180,51595.jpg
27926,Scullers For Her Women Blue Jeans,Women,Apparel,Bottomwear,Jeans,Blue,Summer,2012.0,Casual,1510,27926.jpg
41346,Wrangler Men Navy Blue Texas Jeans,Men,Apparel,Bottomwear,Jeans,Navy Blue,Summer,2016.0,Casual,1520,41346.jpg
7193,Jealous 21 Women Black Jegging,Women,Apparel,Bottomwear,Jeans,Black,Fall,2011.0,Casual,2940,7193.jpg
14114,Flying Machine Men Washed Jeans,Men,Apparel,Bottomwear,Jeans,Blue,Fall,2011.0,Casual,3250,14114.jpg
46894,Locomotive Men Blue Jeans,Men,Apparel,Bottomwear,Jeans,Blue,Summer,2012.0,Casual,1680,46894.jpg
31164,Gini and Jony Boys Blue Jeans,Boys,Apparel,Bottomwear,Jeans,Blue,Summer,2012.0,Casual,2080,31164.jpg
27022,Jealous 21 Women Washed Blue Jeans,Women,Apparel,Bottomwear,Jeans,Blue,Summer,2012.0,Casual,3160,27022.jpg
27936,Jealous 21 Women Grey Magic Colour Jeans,Women,Apparel,Bottomwear,Jeans,Grey,Summer,2012.0,Casual,3480,27936.jpg
27021,Jealous 21 Women Blue Jeans,Women,Apparel,Bottomwear,Jeans,Blue,Summer,2012.0,Casual,2730,27021.jpg
57075,Elle Blue Jeans,Women,Apparel,Bottomwear,Jeans,Blue,Summer,2012.0,Casual,1870,57075.jpg
28821,Denizen Men Navy Blue Jeans,Men,Apparel,Bottomwear,Jeans,Navy Blue,Summer,2012.0,Casual,3210,28821.jpg
9147,Lee Women SS Blue Jeans,Women,Apparel,Bottomwear,Jeans,Blue,Fall,2011.0,Casual,1820,9147.jpg
11335,United Colors of Benetton Men Washed Blue Jeans,Men,Apparel,Bottomwear,Jeans,Blue,Fall,2011.0,Casual,2280,11335.jpg
11243,Flying Machine Women Lowrise Blue Jeans,Women,Apparel,Bottomwear,Jeans,Blue,Fall,2011.0,Casual,2630,11243.jpg
48386,French Connection Men Black Jeans,Men,Apparel,Bottomwear,Jeans,Black,Summer,2012.0,Casual,2530,48386.jpg
18487,Puma Men Washed Blue Jeans,Men,Apparel,Bottomwear,Jeans,Blue,Fall,2011.0,Casual,2790,18487.jpg
15673,Highlander Men High Original Blue Jeans,Men,Apparel,Bottomwear,Jeans,Blue,Fall,2011.0,Casual,3120,15673.jpg
13261,Palm Tree Kids Girl Washed Blue Jeans,Women,Apparel,Bottomwear,Jeans,Blue,Fall,2011.0,Casual,2850,13261.jpg
14116,Flying Machine Men Blue Jeans,Men,Apparel,Bottomwear,Jeans,Blue,Fall,2011.0,Casual,1490,14116.jpg
16517,Locomotive Men Washed Blue Jeans,Men,Apparel,Bottomwear,Jeans,Blue,Fall,2011.0,Casual,2010,16517.jpg
43422,SPYKAR Men Blue Slim Fit Jeans,Men,Apparel,Bottomwear,Jeans,Blue,Winter,2013.0,Casual,1920,43422.jpg
48500,French Connection Women Blue Jeans,Women,Apparel,Bottomwear,Jeans,Blue,Winter,2011.0,Casual,1260,48500.jpg
36832,Vishudh Women Green White & Green Kurta,Women,Apparel,Topwear,Kurtas,Green,Summer,2012.0,Ethnic,2180,36832.jpg
58658,ALayna Women Green Kurta,Women,Apparel,Topwear,Kurtas,Green,Summer,2012.0,Ethnic,880,58658.jpg
12789,Mother Earth Women Sajiya Collt White Kurtas,Women,Apparel,Topwear,Kurtas,White,Fall,2011.0,Ethnic,1740,12789.jpg
22031,Vishudh Women Printed Blue Kurta,Women,Apparel,Topwear,Kurtas,Blue,Fall,2011.0,Ethnic,1700,22031.jpg
39452,Diva Women Printed Blue Kurta,Women,Apparel,Topwear,Kurtas,Blue,Summer,2012.0,Ethnic,830,39452.jpg
12089,W Women Brown Printed Kurta,Women,Apparel,Topwear,Kurtas,Brown,Fall,2011.0,Ethnic,1090,12089.jpg
52100,Myntra Women Red Printed Kurta,Women,Apparel,Topwear,Kurtas,Red,Summer,2012.0,Ethnic,1040,52100.jpg
59369,Vishudh Women Black & White Kurta,Women,Apparel,Topwear,Kurtas,Black,Summer,2012.0,Ethnic,1740,59369.jpg
31698,Folklore Women Printed Pink Kurta,Women,Apparel,Topwear,Kurtas,Pink,Summer,2012.0,Ethnic,1080,31698.jpg
58645,ALayna Women Printed White Kurta,Women,Apparel,Topwear,Kurtas,White,Summer,2012.0,Ethnic,930,58645.jpg
22052,Vishudh Women Printed Maroon Kurta,Women,Apparel,Topwear,Kurtas,Maroon,Fall,2011.0,Ethnic,2150,22052.jpg
11616,W Women Solid Green Kurtas,Women,Apparel,Topwear,Kurtas,Green,Summer,2011.0,Ethnic,1090,11616.jpg
58666,ALayna Women Navy Blue Kurta,Women,Apparel,Topwear,Kurtas,Navy Blue,Summer,2012.0,Ethnic,2900,58666.jpg
39173,Aneri Women Red Kurta,Women,Apparel,Topwear,Kurtas,Red,Summer,2012.0,Ethnic,1770,39173.jpg
24533,Mother Earth Women Pink Printed Kurta,Women,Apparel,Topwear,Kurtas,Pink,Fall,2011.0,Ethnic,1940,24533.jpg
18274,Aneri Women Niti Purple Kurta,Women,Apparel,Topwear,Kurtas,Purple,Fall,2011.0,Ethnic,2790,18274.jpg
28965,BIBA Women Ethnic White Kurta,Women,Apparel,Topwear,Kurtas,White,Summer,2012.0,Ethnic,1680,28965.jpg
11564,W Women Printed Purple  Kurtas,Women,Apparel,Topwear,Kurtas,Purple,Summer,2011.0,Ethnic,1340,11564.jpg
39166,Aneri Women Black & White Printed Kurta,Women,Apparel,Topwear,Kurtas,Black,Summer,2012.0,Ethnic,2740,39166.jpg
18273,Aneri Women Niti Blue Kurta,Women,Apparel,Topwear,Kurtas,Blue,Fall,2011.0,Ethnic,1790,18273.jpg
21926,BIBA Women Printed Blue Kurta,Women,Apparel,Topwear,Kurtas,Blue,Fall,2011.0,Ethnic,2740,21926.jpg
12061,W Women Printed White Kurtas,Women,Apparel,Topwear,Kurtas,White,Fall,2011.0,Ethnic,2470,12061.jpg
11613,W Women Solid Teal Blue Kurtas,Women,Apparel,Topwear,Kurtas,Blue,Summer,2011.0,Ethnic,1580,11613.jpg
40634,Span Women Red Kurta,Women,Apparel,Topwear,Kurtas,Red,Summer,2012.0,Ethnic,1180,40634.jpg
24380,Folklore Women Purple Printed Kurta,Women,Apparel,Topwear,Kurtas,Purple,Fall,2011.0,Ethnic,1200,24380.jpg
22779,BIBA Women Printed Orange Kurta,Women,Apparel,Topwear,Kurtas,Orange,Summer,2011.0,Ethnic,2560,22779.jpg
22016,BIBA Women Sequin Black Kurta,Women,Apparel,Topwear,Kurtas,Black,Fall,2011.0,Ethnic,2250,22016.jpg
28717,W Women Printed Purple Kurta,Women,Apparel,Topwear,Kurtas,Purple,Summer,2012.0,Ethnic,2530,28717.jpg
11626,W Women Printed Purple Kurtas,Women,Apparel,Topwear,Kurtas,Purple,Summer,2011.0,Ethnic,2480,11626.jpg
59382,Vishudh Women Blue Printed Kurta,Women,Apparel,Topwear,Kurtas,Blue,Summer,2012.0,Ethnic,2710,59382.jpg
42424,Aurelia Women Blue Kurta,Women,Apparel,Topwear,Kurtas,Blue,Summer,2012.0,Ethnic,1020,42424.jpg
27289,Mother Earth Women Striped Grey Kurta,Women,Apparel,Topwear,Kurtas,Grey,Fall,2011.0,Ethnic,1200,27289.jpg
42681,Alma Women Blue Kurta,Women,Apparel,Topwear,Kurtas,Blue,Summer,2012.0,Ethnic,1050,42681.jpg
11807,Vishudh Women Cotton Silk Blue Kurtas,Women,Apparel,Topwear,Kurtas,Blue,Fall,2011.0,Ethnic,2450,11807.jpg
19087,W Women Gathered Design Off White Kurta,Women,Apparel,Topwear,Kurtas,Off White,Fall,2011.0,Ethnic,2190,19087.jpg
39151,Aneri Women Green & Brown Printed Kurta,Women,Apparel,Topwear,Kurtas,Green,Summer,2012.0,Ethnic,1250,39151.jpg
32232,Fabindia Women Printed Blue Kurta,Women,Apparel,Topwear,Kurtas,Blue,Summer,2012.0,Ethnic,1820,32232.jpg
59362,Vishudh Women White Printed Kurta,Women,Apparel,Topwear,Kurtas,White,Summer,2012.0,Ethnic,1580,59362.jpg
31308,W Women Black Kurta,Women,Apparel,Topwear,Kurtas,Black,Summer,2012.0,Ethnic,1580,31308.jpg
23230,Aneri Women Blue Checks Kurta,Women,Apparel,Topwear,Kurtas,Blue,Fall,2011.0,Ethnic,3000,23230.jpg
24168,Aurelia Women Orange Striped Kurti,Women,Apparel,Topwear,Kurtis,Orange,Fall,2011.0,Ethnic,1620,24168.jpg
30961,Fabindia Women Black Chanderi Tunic,Women,Apparel,Topwear,Kurtis,Black,Summer,2012.0,Ethnic,990,30961.jpg
53818,Ayaany Women Pink Kurti,Women,Apparel,Topwear,Kurtis,Pink,Fall,2012.0,Ethnic,1560,53818.jpg
12108,W Women Printed Pink Kurtis,Women,Apparel,Topwear,Kurtis,Blue,Fall,2011.0,Ethnic,1070,12108.jpg
56810,Aneri Women Red Kurti,Women,Apparel,Topwear,Kurtis,Red,Summer,2012.0,Ethnic,1270,56810.jpg
12788,Mother Earth Women Renu Pink Kurtis,Women,Apparel,Topwear,Kurtis,Pink,Fall,2011.0,Ethnic,1650,12788.jpg
15081,Mother Earth Women Printed Purple Kurtis,Women,Apparel,Topwear,Kurtis,Purple,Fall,2011.0,Ethnic,1210,15081.jpg
24535,Mother Earth Women Blue Printed Kurti,Women,Apparel,Topwear,Kurtis,Blue,Fall,2011.0,Ethnic,2490,24535.jpg
32260,Fabindia Women Printed Beige Kurtis,Women,Apparel,Topwear,Kurtis,Beige,Summer,2012.0,Ethnic,850,32260.jpg
56649,Mumbai Slang Women Cream Kurti,Women,Apparel,Topwear,Kurtis,Cream,Fall,2012.0,Ethnic,1610,56649.jpg
24240,La-Emotio Women Purple Kurti,Women,Apparel,Topwear,Kurtis,Purple,Fall,2011.0,Ethnic,2350,24240.jpg
39474,Diva Women Beige Kurti,Women,Apparel,Topwear,Kurtis,Beige,Summer,2012.0,Ethnic,2460,39474.jpg
40196,Mumbai Slang Women Light Green Kurti,Women,Apparel,Topwear,Kurtis,Green,Summer,2012.0,Ethnic,2450,40196.jpg
39468,Diva Women Pink Kurti,Women,Apparel,Topwear,Kurtis,Pink,Summer,2012.0,Ethnic,1830,39468.jpg
15088,Mother Earth Men Printed Black Kurtis,Men,Apparel,Topwear,Kurtis,Black,Fall,2011.0,Ethnic,900,15088.jpg
30943,Fabindia Women Black Silk Kurti,Women,Apparel,Topwear,Kurtis,Black,Summer,2012.0,Ethnic,800,30943.jpg
12109,W Women Printed White Kurtis,Women,Apparel,Topwear,Kurtis,White,Fall,2011.0,Ethnic,2030,12109.jpg
22774,BIBA OUTLET Women Printed Off White Kurti,Women,Apparel,Topwear,Kurtis,Off White,Fall,2011.0,Ethnic,1810,22774.jpg
51222,Satya Paul Women Beige Kurti,Women,Apparel,Topwear,Kurtis,Beige,Summer,2012.0,Casual,2410,51222.jpg
28775,Aurelia Women Printed Red Kurti,Women,Apparel,Topwear,Kurtis,Red,Summer,2012.0,Ethnic,730,28775.jpg
54081,Mumbai Slang Women Red Kurti,Women,Apparel,Topwear,Kurtis,Red,Summer,2012.0,Ethnic,890,54081.jpg
11587,W Women Printed White Kurtis,Women,Apparel,Topwear,Kurtis,White,Summer,2011.0,Ethnic,2240,11587.jpg
11619,W Women Solid Beige Kurtis,Women,Apparel,Topwear,Kurtis,Beige,Summer,2011.0,Ethnic,2440,11619.jpg
12150,Aurelia Women Printed Red Kurtis,Women,Apparel,Topwear,Kurtis,Red,Fall,2011.0,Ethnic,1180,12150.jpg
40596,Aurelia Women Brown Kurtis,Women,Apparel,Topwear,Kurtis,Brown,Summer,2012.0,Ethnic,1040,40596.jpg
24173,Aurelia Women Printed Green Kurti,Women,Apparel,Topwear,Kurtis,Green,Fall,2011.0,Ethnic,1530,24173.jpg
30907,Fabindia Women Black Kurti,Women,Apparel,Topwear,Kurtis,Black,Summer,2012.0,Ethnic,1690,30907.jpg
14538,Vishudh Women Golden Print Black and Blue Kurtis,Women,Apparel,Topwear,Kurtis,Black,Fall,2011.0,Ethnic,1680,14538.jpg
11617,W Women Solid Green Kurtis,Women,Apparel,Topwear,Kurtis,Green,Summer,2011.0,Ethnic,1140,11617.jpg
46020,Fabindia Women Orange Kurti,Women,Apparel,Topwear,Kurtis,Orange,Summer,2012.0,Ethnic,2470,46020.jpg
27272,Mother Earth Women Printed Green Kurti,Women,Apparel,Topwear,Kurtis,Green,Fall,2011.0,Ethnic,1520,27272.jpg
30937,Fabindia Women Printed Green Kurti,Women,Apparel,Topwear,Kurtis,Green,Summer,2012.0,Ethnic,820,30937.jpg
30915,Fabindia Women Orange Kurti,Women,Apparel,Topwear,Kurtis,Orange,Summer,2012.0,Ethnic,1040,30915.jpg
22762,BIBA OUTLET Women Printed Navy Blue Kurti,Women,Apparel,Topwear,Kurtis,Navy Blue,Fall,2011.0,Ethnic,1480,22762.jpg
50321,Aurelia Women Black Kurti,Women,Apparel,Topwear,Kurtis,Black,Summer,2012.0,Ethnic,700,50321.jpg
25697,Mumbai Slang Women Printed Green Kurti,Women,Apparel,Topwear,Kurtis,Green,Summer,2012.0,Ethnic,1500,25697.jpg
30945,Fabindia Women Purple Silk Kurti,Women,Apparel,Topwear,Kurtis,Purple,Summer,2012.0,Ethnic,1240,30945.jpg
23241,Aneri Women Juhi Blue Kurti,Women,Apparel,Topwear,Kurtis,Blue,Fall,2011.0,Ethnic,2300,23241.jpg
52103,Myntra Women Pink Kurti,Women,Apparel,Topwear,Kurtis,Pink,Summer,2012.0,Ethnic,2310,52103.jpg
30911,Fabindia Women Black Kurti,Women,Apparel,Topwear,Kurtis,Black,Summer,2012.0,Ethnic,1630,30911.jpg
52893,FNF Red Printed Sari,Women,Apparel,Saree,Sarees,Red,Fall,2012.0,Ethnic,3840,52893.jpg
49920,Fabindia Green Tie & Dye Ghicha Striped Saree,Women,Apparel,Saree,Sarees,Green,Fall,2012.0,Ethnic,4960,49920.jpg
53003,FNF Multi Coloured Printed Sari,Women,Apparel,Saree,Sarees,Multi,Fall,2012.0,Ethnic,7200,53003.jpg
59652,FNF Mustard & Purple Evening Wear Sari,Women,Apparel,Saree,Sarees,Purple,Fall,2012.0,Ethnic,7480,59652.jpg
53036,FNF Printed Blue Sari,Women,Apparel,Saree,Sarees,Blue,Summer,2012.0,Ethnic,7920,53036.jpg
42331,Prafful Navy Crepe Printed Saree,Women,Apparel,Saree,Sarees,Navy Blue,Summer,2012.0,Ethnic,6050,42331.jpg
53050,FNF Printed Blue Sari,Women,Apparel,Saree,Sarees,Blue,Fall,2012.0,Ethnic,6920,53050.jpg
50874,Prafful Purple & Green Printed Sari,Women,Apparel,Saree,Sarees,Purple,Fall,2012.0,Ethnic,7380,50874.jpg
34990,Fabindia H& Printed Grey Cotton Mull Sari,Women,Apparel,Saree,Sarees,Grey,Summer,2012.0,Ethnic,5480,34990.jpg
52921,FNF Mustard Printed Sari,Women,Apparel,Saree,Sarees,Mustard,Fall,2012.0,Ethnic,2770,52921.jpg
57970,Prafful Green Printed Sari,Women,Apparel,Saree,Sarees,Green,Fall,2012.0,Ethnic,3050,57970.jpg
34984,Fabindia H& Printed Cream Cotton Sari,Women,Apparel,Saree,Sarees,Cream,Summer,2012.0,Ethnic,3930,34984.jpg
50906,Prafful Grey & Pink Coloured Printed Sari,Women,Apparel,Saree,Sarees,Pink,Fall,2012.0,Ethnic,3280,50906.jpg
59626,FNF Green & Purple Wedding Collection Sari,Women,Apparel,Saree,Sarees,Green,Fall,2012.0,Ethnic,1980,59626.jpg
52876,FNF Multi Coloured Printed Sari,Women,Apparel,Saree,Sarees,Multi,Fall,2012.0,Ethnic,6240,52876.jpg
53034,FNF Multi Coloured Printed Sari,Women,Apparel,Saree,Sarees,Multi,Fall,2012.0,Ethnic,7530,53034.jpg
50882,Prafful Mustard Crepe Printed Sari,Women,Apparel,Saree,Sarees,Mustard,Fall,2012.0,Ethnic,5940,50882.jpg
50851,Prafful Maroon Crepe Printed Saree,Women,Apparel,Saree,Sarees,Maroon,Fall,2012.0,Ethnic,2000,50851.jpg
52883,FNF Printed Blue Sari,Women,Apparel,Saree,Sarees,Blue,Fall,2012.0,Ethnic,7630,52883.jpg
59642,FNF Pink & Black Collection For Wedding Sari,Women,Apparel,Saree,Sarees,Black,Fall,2012.0,Ethnic,4070,59642.jpg
53041,FNF Multi Coloured Printed Sari,Women,Apparel,Saree,Sarees,Multi,Fall,2012.0,Ethnic,1970,53041.jpg
46013,Fabindia Red Self-Striped Saree,Women,Apparel,Saree,Sarees,Red,Summer,2012.0,Ethnic,1910,46013.jpg
50883,Prafful Purple & Green Crepe Printed Sari,Women,Apparel,Saree,Sarees,Purple,Fall,2012.0,Ethnic,6280,50883.jpg
49921,Fabindia Grey Tie & Dye Ghicha Striped Saree,Women,Apparel,Saree,Sarees,Grey,Fall,2012.0,Ethnic,5400,49921.jpg
45999,Fabindia Green Self-Striped Saree,Women,Apparel,Saree,Sarees,Green,Summer,2012.0,Ethnic,5620,45999.jpg
59623,FNF Light Orange Wedding Collection Sari,Women,Apparel,Saree,Sarees,Orange,Fall,2012.0,Ethnic,5850,59623.jpg
50873,Prafful Maroon & Black Sari,Women,Apparel,Saree,Sarees,Maroon,Summer,2012.0,Ethnic,2790,50873.jpg
59593,FNF Blue & Purple Collection for Wedding Sari,Women,Apparel,Saree,Sarees,Blue,Fall,2012.0,Ethnic,1960,59593.jpg
52938,FNF Printed Pink Sari,Women,Apparel,Saree,Sarees,Pink,Summer,2012.0,Ethnic,5660,52938.jpg
52922,FNF Printed Rust Sari,Women,Apparel,Saree,Sarees,Rust,Fall,2012.0,Ethnic,2160,52922.jpg
42329,Prafful Blue Crepe Printed Saree,Women,Apparel,Saree,Sarees,Blue,Summer,2012.0,Ethnic,3020,42329.jpg
59634,FNF Green & Red Collection For Wedding Sari,Women,Apparel,Saree,Sarees,Green,Fall,2012.0,Ethnic,2060,59634.jpg
52915,FNF Women Printed White Sari,Women,Apparel,Saree,Sarees,White,Summer,2012.0,Ethnic,6370,52915.jpg
34982,Fabindia H& Printed Black Cotton Sari,Women,Apparel,Saree,Sarees,Black,Summer,2012.0,Ethnic,2060,34982.jpg
57976,Prafful Pink Printed Sari,Women,Apparel,Saree,Sarees,Pink,Summer,2012.0,Ethnic,7030,57976.jpg
52934,FNF Green Sari,Women,Apparel,Saree,Sarees,Green,Summer,2012.0,Ethnic,3420,52934.jpg
59647,FNF Yellow Evening Wear Sari,Women,Apparel,Saree,Sarees,Yellow,Fall,2012.0,Ethnic,4810,59647.jpg
52983,FNF Striped Multi Coloured Sari,Women,Apparel,Saree,Sarees,Maroon,Fall,2012.0,Ethnic,2480,52983.jpg
45989,Fabindia Green Mangalagiri Saree,Women,Apparel,Saree,Sarees,Green,Summer,2012.0,Ethnic,6160,45989.jpg
46007,Fabindia Blue Mull Printed Sari,Women,Apparel,Saree,Sarees,Blue,Summer,2012.0,Ethnic,3520,46007.jpg
8859,Mark Taylor Men White Striped Shirt,Men,Apparel,Topwear,Shirts,White,Fall,2011.0,Casual,1880,8859.jpg
18889,Arrow Woman Sylvia Blue Shirt,Women,Apparel,Topwear,Shirts,Blue,Fall,2011.0,Formal,1920,18889.jpg
8181,Locomotive Men Check Ladislav Purple Shirts,Men,Apparel,Topwear,Shirts,Purple,Summer,2011.0,Casual,780,8181.jpg
5960,Highlander Men Solid Poplin Purple Shirts,Men,Apparel,Topwear,Shirts,Purple,Summer,2011.0,Casual,1970,5960.jpg
13734,Belmonte Men Check Blue Shirts,Men,Apparel,Topwear,Shirts,Blue,Fall,2011.0,Casual,870,13734.jpg
33246,Arrow Men Lavender Unstainable Slim Fit Shirt,Men,Apparel,Topwear,Shirts,Lavender,Spring,2013.0,Formal,1560,33246.jpg
8851,Mark Taylor Men Brown Striped Shirt,Men,Apparel,Topwear,Shirts,Brown,Fall,2011.0,Casual,2040,8851.jpg
9624,Indigo Nation Men Plain Light Blue Shirts,Men,Apparel,Topwear,Shirts,Blue,Fall,2011.0,Casual,1890,9624.jpg
46396,ADIDAS Men Blue & Black Check Shirt,Men,Apparel,Topwear,Shirts,Blue,Summer,2012.0,Casual,1860,46396.jpg
59834,United Colors of Benetton Men Navy Blue Shirt,Men,Apparel,Topwear,Shirts,Navy Blue,Summer,2012.0,Casual,1770,59834.jpg
8148,Highlander Men Blue Checked Haddon Slim Fit Shirt,Men,Apparel,Topwear,Shirts,Blue,Summer,2011.0,Casual,1350,8148.jpg
29184,United Colors of Benetton Men Blue Shirt,Men,Apparel,Topwear,Shirts,Blue,Summer,2012.0,Casual,1230,29184.jpg
9655,Indigo Nation Men Bling Blue Shirts,Men,Apparel,Topwear,Shirts,Blue,Fall,2011.0,Casual,1120,9655.jpg
5128,Wrangler Women Rose Bouquet White Orange Shirt,Women,Apparel,Topwear,Shirts,White,Summer,2011.0,Casual,2070,5128.jpg
51430,Myntra Men Navy Blue & Orange Check Shirt,Men,Apparel,Topwear,Shirts,White,Summer,2012.0,Casual,2160,51430.jpg
26401,Turtle Men Check Red Shirt,Men,Apparel,Topwear,Shirts,Red,Summer,2012.0,Casual,1340,26401.jpg
5107,Wrangler Women Holly Checks Shirt,Women,Apparel,Topwear,Shirts,Yellow,Summer,2011.0,Casual,1190,5107.jpg
9654,Indigo Nation Men Bling  Blue Shirt,Men,Apparel,Topwear,Shirts,Blue,Fall,2011.0,Casual,1240,9654.jpg
13853,Indigo Nation Men Check Purple Shirts,Men,Apparel,Topwear,Shirts,Purple,Fall,2011.0,Casual,1510,13853.jpg
12367,Reid & Taylor Men White Shirt,Men,Apparel,Topwear,Shirts,White,Fall,2011.0,Formal,970,12367.jpg
15993,Turtle Check Men Blue Checked ReversibleShirt,Men,Apparel,Topwear,Shirts,Blue,Fall,2011.0,Casual,2070,15993.jpg
14772,Arrow Men Stripes Green Slim Fit Shirt,Men,Apparel,Topwear,Shirts,Green,Fall,2011.0,Formal,2020,14772.jpg
9667,Indigo Nation Men Bling Red Black Shirts,Men,Apparel,Topwear,Shirts,Purple,Fall,2011.0,Casual,1310,9667.jpg
31093,Gini and Jony Boys White Shirt,Boys,Apparel,Topwear,Shirts,White,Summer,2012.0,Casual,1640,31093.jpg
11387,United Colors of Benetton Men Light Winter Blue Shirts,Men,Apparel,Topwear,Shirts,Blue,Fall,2011.0,Casual,1350,11387.jpg
24285,Quiksilver Men Grey Shirt,Men,Apparel,Topwear,Shirts,Grey,Summer,2012.0,Casual,2240,24285.jpg
17725,Reid & Taylor Men Solid Maroon Shirt,Men,Apparel,Topwear,Shirts,Maroon,Fall,2011.0,Casual,850,17725.jpg
20155,Wrangler Men Establish  Purple Shirt,Men,Apparel,Topwear,Shirts,Purple,Fall,2011.0,Casual,720,20155.jpg
41660,Mark Taylor Men Blue Striped Shirt,Men,Apparel,Topwear,Shirts,Blue,Summer,2012.0,Formal,1640,41660.jpg
11708,Lee Men Check Green Shirts,Men,Apparel,Topwear,Shirts,Green,Fall,2011.0,Casual,1970,11708.jpg
24858,Mark Taylor Men White Striped Shirt,Men,Apparel,Topwear,Shirts,White,Summer,2011.0,Formal,1850,24858.jpg
9498,John Miller Men Pink white black check Pink Shirts,Men,Apparel,Topwear,Shirts,Pink,Fall,2011.0,Formal,900,9498.jpg
9246,Mark Taylor Men Blue Striped Shirt,Men,Apparel,Topwear,Shirts,Blue,Fall,2011.0,Formal,850,9246.jpg
19831,U.S. Polo Assn. Men Check Black Shirt,Men,Apparel,Topwear,Shirts,Black,Fall,2011.0,Casual,1800,19831.jpg
12271,Genesis Men Stripes Blue Shirts,Men,Apparel,Topwear,Shirts,Blue,Fall,2011.0,Formal,1140,12271.jpg
32393,Arrow Woman Blue Shirt,Women,Apparel,Topwear,Shirts,Blue,Summer,2012.0,Formal,1740,32393.jpg
9071,Mark Taylor Men Solid White Shirts,Men,Apparel,Topwear,Shirts,White,Fall,2011.0,Formal,1240,9071.jpg
33235,Arrow Men Blue Check Shirt,Men,Apparel,Topwear,Shirts,Blue,Summer,2012.0,Formal,970,33235.jpg
26113,John Miller Men Check Purple Shirt,Men,Apparel,Topwear,Shirts,Purple,Summer,2012.0,Formal,1410,26113.jpg
26056,John Miller Men Check Black Shirt,Men,Apparel,Topwear,Shirts,Black,Summer,2012.0,Formal,840,26056.jpg
33146,Gini and Jony Boys Blue Shorts,Boys,Apparel,Bottomwear,Shorts,Blue,Summer,2012.0,Casual,1400,33146.jpg
13303,Gini and Jony Kids Boys Solid Beige Shorts,Men,Apparel,Bottomwear,Shorts,Beige,Fall,2011.0,Casual,750,13303.jpg
46390,ADIDAS Men Blue Cargo Shorts,Men,Apparel,Bottomwear,Shorts,Blue,Summer,2012.0,Casual,880,46390.jpg
25039,Nike Men T90 Black Shorts,Men,Apparel,Bottomwear,Shorts,Black,Summer,2011.0,Sports,790,25039.jpg
1982,Puma Women's Island Shorts Purple,Women,Apparel,Bottomwear,Shorts,Purple,Fall,2010.0,Casual,660,1982.jpg
46387,ADIDAS Men Black Shorts,Men,Apparel,Bottomwear,Shorts,Black,Summer,2012.0,Casual,950,46387.jpg
49959,Hanes Men Red Athletic 3/4th Pants,Men,Apparel,Bottomwear,Shorts,Red,Summer,2016.0,Casual,1350,49959.jpg
3542,ADIDAS Men's Black Short,Men,Apparel,Bottomwear,Shorts,Black,Summer,2011.0,Sports,1060,3542.jpg
32587,Only  Women Black Shorts,Women,Apparel,Bottomwear,Shorts,Black,Summer,2012.0,Casual,1220,32587.jpg
7895,Proline Men Olive Green Checked Shorts,Men,Apparel,Bottomwear,Shorts,Olive,Fall,2011.0,Casual,810,7895.jpg
32590,ONLY Women Brown Shorts,Women,Apparel,Bottomwear,Shorts,Brown,Summer,2012.0,Casual,1120,32590.jpg
7882,Proline Men Black Comfort Fit Shorts,Men,Apparel,Bottomwear,Shorts,Black,Fall,2011.0,Casual,1320,7882.jpg
30596,Nike Men Woven Blue Shorts,Men,Apparel,Bottomwear,Shorts,Blue,Summer,2012.0,Sports,1170,30596.jpg
22988,2go Active Gear USA Men Black John Shorts,Men,Apparel,Bottomwear,Shorts,Black,Summer,2016.0,Sports,1040,22988.jpg
14024,Nike Men Solid Black Shorts,Men,Apparel,Bottomwear,Shorts,Black,Fall,2011.0,Sports,510,14024.jpg
30637,Nike Women Printed Tempo Red Shorts,Women,Apparel,Bottomwear,Shorts,Red,Summer,2012.0,Sports,1180,30637.jpg
9685,ADIDAS Men Cress 3s3 4 Pan White Capris,Men,Apparel,Bottomwear,Shorts,White,Fall,2011.0,Casual,1340,9685.jpg
5002,Gini and Jony Girl's Jolene Pink Kidswear,Women,Apparel,Bottomwear,Shorts,Pink,Summer,2011.0,Casual,1070,5002.jpg
51394,Myntra Men Red Check Shorts,Men,Apparel,Bottomwear,Shorts,Red,Summer,2012.0,Casual,800,51394.jpg
4952,Gini and Jony Boy's Kimon Black Bermuda Infant Kidswear,Men,Apparel,Bottomwear,Shorts,Black,Summer,2011.0,Casual,1450,4952.jpg
48460,French Connection Men Green & White Check Cargo Shorts,Men,Apparel,Bottomwear,Shorts,Green,Summer,2012.0,Casual,1180,48460.jpg
33144,Gini and Jony Boys Blue Shorts,Boys,Apparel,Bottomwear,Shorts,Blue,Summer,2012.0,Casual,600,33144.jpg
4797,ADIDAS Men's Ess Dark Iron Brown Short,Men,Apparel,Bottomwear,Shorts,Grey,Summer,2011.0,Sports,1460,4797.jpg
9079,ADIDAS Men Adna 3s Shrt Kn Black Shorts,Men,Apparel,Bottomwear,Shorts,Black,Fall,2011.0,Sports,1400,9079.jpg
30639,Nike Women Tempo Purple Shorts,Women,Apparel,Bottomwear,Shorts,Purple,Summer,2012.0,Sports,640,30639.jpg
15341,Nike Women Solid Pink Shorts,Women,Apparel,Bottomwear,Shorts,Pink,Fall,2011.0,Sports,770,15341.jpg
1977,Tribord Mens Grey Cargo Shorts,Men,Apparel,Bottomwear,Shorts,Grey,Summer,2011.0,Casual,620,1977.jpg
57094,Elle Women Greyish Blue Culottes,Women,Apparel,Bottomwear,Shorts,Blue,Summer,2012.0,Casual,1410,57094.jpg
31116,Gini and Jony Boys Grey Shorts,Boys,Apparel,Bottomwear,Shorts,Grey,Summer,2012.0,Casual,610,31116.jpg
40082,ADIDAS Men Navy Blue Short,Men,Apparel,Bottomwear,Shorts,Navy Blue,Winter,2014.0,Casual,1260,40082.jpg
43044,Nike Men Charcoal Grey Shorts,Men,Apparel,Bottomwear,Shorts,Charcoal,Summer,2012.0,Casual,1060,43044.jpg
54918,Do u speak green Men Brown 3/4th Pant,Men,Apparel,Bottomwear,Shorts,Brown,Summer,2012.0,Casual,660,54918.jpg
5788,Jealous 21 Women's Checkered Pink White Short,Women,Apparel,Bottomwear,Shorts,White,Summer,2011.0,Casual,780,5788.jpg
50664,Chromozome Men Grey Melange Soccer Shorts S-5066,Men,Apparel,Bottomwear,Shorts,Charcoal,Winter,2016.0,Sports,790,50664.jpg
32446,ADIDAS Men Black 3/4 Length Pants,Men,Apparel,Bottomwear,Shorts,Black,Summer,2012.0,Sports,1120,32446.jpg
6579,Nike Men Woven Navy Blue 3/4 Pants,Men,Apparel,Bottomwear,Shorts,Navy Blue,Fall,2012.0,Sports,710,6579.jpg
34105,Doodle Boys Check Blue Shorts,Boys,Apparel,Bottomwear,Shorts,Blue,Summer,2012.0,Casual,1230,34105.jpg
38569,Nike Men Navy Blue Shorts,Men,Apparel,Bottomwear,Shorts,Navy Blue,Spring,2013.0,Casual,850,38569.jpg
15335,Nike Men Solid Navy Blue Shorts,Men,Apparel,Bottomwear,Shorts,Navy Blue,Summer,2012.0,Sports,710,15335.jpg
30638,Nike Women Tempo Black Shorts,Women,Apparel,Bottomwear,Shorts,Black,Summer,2012.0,Sports,1200,30638.jpg
36386,Reid & Taylor Men Black Socks,Men,Accessories,Socks,Socks,Black,Summer,2016.0,Casual,230,36386.jpg
14613,United Colors of Benetton Men Pack of 2 Black Socks,Men,Accessories,Socks,Socks,Black,Summer,2011.0,Casual,360,14613.jpg
17389,Reid & Taylor Men Solid Red Socks,Men,Accessories,Socks,Socks,Red,Summer,2016.0,Casual,350,17389.jpg
54339,Levis Men Pack of 3 Socks,Men,Accessories,Socks,Socks,Black,Summer,2016.0,Casual,230,54339.jpg
31990,Playboy Men Black Socks,Men,Accessories,Socks,Socks,Black,Summer,2016.0,Formal,120,31990.jpg
33780,Puma Men Formstripe Navy Blue Socks,Men,Accessories,Socks,Socks,Navy Blue,Summer,2012.0,Casual,150,33780.jpg
49228,Calzini Men Pack of 5 Sport Socks,Men,Accessories,Socks,Socks,Brown,Summer,2016.0,Casual,320,49228.jpg
18358,Fila Men Ankel Black Socks,Men,Accessories,Socks,Socks,Black,Fall,2011.0,Casual,240,18358.jpg
29218,Fila Women Pack Of 3 Socks,Women,Accessories,Socks,Socks,Red,Summer,2013.0,Sports,120,29218.jpg
32005,Playboy Men Grey Socks,Men,Accessories,Socks,Socks,Grey,Summer,2016.0,Formal,100,32005.jpg
17401,Reid & Taylor Men Stripes Blue Socks,Men,Accessories,Socks,Socks,Blue,Summer,2016.0,Casual,270,17401.jpg
17793,Reid & Taylor Men Solid Brown Socks,Men,Accessories,Socks,Socks,Brown,Summer,2016.0,Casual,160,17793.jpg
58309,Jockey LCESCBRA Men Pack of 3 Socks 2004,Men,Accessories,Socks,Socks,Charcoal,Summer,2016.0,Sports,230,58309.jpg
32029,Playboy Men Pack of 3 Socks,Men,Accessories,Socks,Socks,Grey,Summer,2016.0,Sports,180,32029.jpg
36384,Reid & Taylor Men Black Socks,Men,Accessories,Socks,Socks,Black,Summer,2016.0,Casual,320,36384.jpg
53805,Puma Kids Unisex Pack Of 3 Socks,Unisex,Accessories,Socks,Socks,White,Summer,2012.0,Casual,380,53805.jpg
40237,Provogue Men Pack of 3 Striped Socks,Men,Accessories,Socks,Socks,Black,Summer,2016.0,Casual,320,40237.jpg
37655,Playboy Men Cream Socks,Men,Accessories,Socks,Socks,Cream,Summer,2016.0,Formal,390,37655.jpg
31995,Playboy Men Navy Socks,Men,Accessories,Socks,Socks,Navy Blue,Summer,2016.0,Formal,100,31995.jpg
54343,Levis Men Pack of 3 Socks,Men,Accessories,Socks,Socks,White,Summer,2016.0,Casual,160,54343.jpg
43561,Puma Men Pack of 3 Socks,Men,Accessories,Socks,Socks,White,Summer,2012.0,Casual,140,43561.jpg
17298,Puma Men Pack of 3 Sports Socks,Men,Accessories,Socks,Socks,White,Winter,2015.0,Sports,180,17298.jpg
29108,Puma Unisex FTPA Quarters Brown Socks,Unisex,Accessories,Socks,Socks,Brown,Summer,2012.0,Casual,380,29108.jpg
7678,Wrangler Women Pink Secret Socks,Women,Accessories,Socks,Socks,Pink,Summer,2016.0,Casual,120,7678.jpg
36375,Reid & Taylor Men Navy Blue Socks,Men,Accessories,Socks,Socks,Navy Blue,Summer,2016.0,Casual,290,36375.jpg
57917,Fruit of the Loom Men White Pack of Three Socks,Men,Accessories,Socks,Socks,White,Summer,2016.0,Casual,400,57917.jpg
51339,Raymond Men Brown Socks,Men,Accessories,Socks,Socks,Brown,Summer,2016.0,Casual,380,51339.jpg
43555,Puma Women Cream Socks,Women,Accessories,Socks,Socks,Cream,Summer,2012.0,Casual,170,43555.jpg
14614,United Colors of Benetton Men Pack of 2 Navy Blue Socks,Men,Accessories,Socks,Socks,Navy Blue,Summer,2011.0,Casual,320,14614.jpg
24872,Reid & Taylor Men Bright Assorted Cream Socks,Men,Accessories,Socks,Socks,Cream,Summer,2016.0,Casual,160,24872.jpg
30543,Nike Unisex Pack of 3 Socks,Unisex,Accessories,Socks,Socks,Black,Summer,2012.0,Sports,120,30543.jpg
9372,Puma Unisex ABS Blue Socks,Unisex,Accessories,Socks,Socks,Blue,Fall,2011.0,Casual,260,9372.jpg
18582,Puma Women Pack of 2 Socks,Women,Accessories,Socks,Socks,Black,Summer,2011.0,Casual,280,18582.jpg
36411,Reid & Taylor Men Navy Blue Socks,Men,Accessories,Socks,Socks,Navy Blue,Summer,2016.0,Casual,120,36411.jpg
32023,Playboy Men Multi Coloured Socks,Men,Accessories,Socks,Socks,Black,Summer,2016.0,Casual,280,32023.jpg
9352,Puma Men Sports Socks 1 Pair White Socks,Men,Accessories,Socks,Socks,White,Fall,2011.0,Casual,210,9352.jpg
12403,Reid & Taylor Men Solid Brown Socks,Men,Accessories,Socks,Socks,Brown,Summer,2016.0,Formal,230,12403.jpg
58322,Jockey LCESCBRA Men White Pack of 3 Socks 2004,Men,Accessories,Socks,Socks,White,Summer,2016.0,Sports,150,58322.jpg
18359,Fila Men No Show White Socks,Men,Accessories,Socks,Socks,White,Fall,2011.0,Casual,280,18359.jpg
29207,Fila Men White Socks,Men,Accessories,Socks,Socks,White,Summer,2013.0,Sports,380,29207.jpg
9946,ADIDAS Men Frnt Str Black Sweaters,Men,Apparel,Topwear,Sweaters,Black,Fall,2011.0,Sports,2810,9946.jpg
20218,Wrangler Men Rib Charcoal Sweater,Men,Apparel,Topwear,Sweaters,Charcoal,Fall,2011.0,Casual,2790,20218.jpg
14993,ADIDAS Men Stripes Grey Sweaters,Men,Apparel,Topwear,Sweaters,Grey,Fall,2011.0,Casual,1830,14993.jpg
23068,Arrow Men Blue Check Sweater,Men,Apparel,Topwear,Sweaters,Blue,Fall,2011.0,Casual,2990,23068.jpg
18627,Puma Men Striped Full Zip Red Sweaters,Men,Apparel,Topwear,Sweaters,Red,Fall,2011.0,Casual,2270,18627.jpg
20303,Jealous 21 Women Solid Purple Sweater,Women,Apparel,Topwear,Sweaters,Purple,Fall,2011.0,Casual,2530,20303.jpg
12917,Spykar Men Stripe White Sweaters,Men,Apparel,Topwear,Sweaters,White,Fall,2011.0,Casual,1320,12917.jpg
17195,U.S. Polo Assn. Men Stripes Green Sweater,Men,Apparel,Topwear,Sweaters,Green,Winter,2016.0,Casual,2890,17195.jpg
23668,Spykar Men Black Sweaters,Men,Apparel,Topwear,Sweaters,Black,Fall,2011.0,Casual,2900,23668.jpg
19519,United Colors of Benetton Men Stripes Black Sweater,Men,Apparel,Topwear,Sweaters,Black,Fall,2011.0,Casual,1480,19519.jpg
16005,Turtle Stripes Men Grey Sweaters,Men,Apparel,Topwear,Sweaters,Grey,Fall,2011.0,Casual,2770,16005.jpg
20788,Genesis Men Solid Maroon Sweater,Men,Apparel,Topwear,Sweaters,Maroon,Fall,2011.0,Casual,1330,20788.jpg
13520,Jealous 21 Women Solid Purple Sweaters,Women,Apparel,Topwear,Sweaters,Purple,Fall,2011.0,Casual,3000,13520.jpg
19530,United Colors of Benetton Men Stripes Navy Blue Sweater,Men,Apparel,Topwear,Sweaters,Navy Blue,Fall,2011.0,Casual,2640,19530.jpg
20223,Wrangler Women Scoop Navy Blue Sleeveless Sweater,Women,Apparel,Topwear,Sweaters,Navy Blue,Fall,2011.0,Casual,2660,20223.jpg
32571,ONLY Women Magenta & Grey Sweater,Women,Apparel,Topwear,Sweaters,Grey,Summer,2012.0,Casual,1360,32571.jpg
13799,Proline Purple Striped Sweater,Men,Apparel,Topwear,Sweaters,Purple,Fall,2011.0,Casual,2800,13799.jpg
13786,Proline Grey Sweater with Knitted Stripes,Men,Apparel,Topwear,Sweaters,Grey,Fall,2011.0,Casual,1840,13786.jpg
11094,Scullers Women Stripes Black Sweaters,Women,Apparel,Topwear,Sweaters,Black,Fall,2011.0,Casual,1050,11094.jpg
14081,Flying Machine Men Solid Green Sweaters,Men,Apparel,Topwear,Sweaters,Green,Fall,2011.0,Casual,1370,14081.jpg
14323,ADIDAS Women Stripes White Sweaters,Women,Apparel,Topwear,Sweaters,White,Fall,2011.0,Casual,2510,14323.jpg
18966,United Colors of Benetton Men Printed Green Sweater,Men,Apparel,Topwear,Sweaters,Green,Summer,2011.0,Casual,2890,18966.jpg
16194,Puma Men Stripped SL Grey Sweater,Men,Apparel,Topwear,Sweaters,Grey,Fall,2011.0,Casual,1680,16194.jpg
16192,Puma Men Knitted Vest Grey Sweater,Men,Apparel,Topwear,Sweaters,Grey,Fall,2011.0,Casual,2600,16192.jpg
19964,United Colors of Benetton Men Stripes Grey Sweater,Men,Apparel,Topwear,Sweaters,Grey,Fall,2011.0,Casual,2900,19964.jpg
22627,Nike Men White Sweater,Men,Apparel,Topwear,Sweaters,White,Fall,2011.0,Sports,1840,22627.jpg
14991,ADIDAS Men Solid Green Sweaters,Men,Apparel,Topwear,Sweaters,Green,Fall,2011.0,Casual,2640,14991.jpg
20383,Spykar Men Solid White Sweater,Men,Apparel,Topwear,Sweaters,White,Fall,2011.0,Casual,2370,20383.jpg
18200,Jealous 21 Women Stripes Red Sweater,Women,Apparel,Topwear,Sweaters,Red,Fall,2011.0,Casual,2770,18200.jpg
19393,ADIDAS Men Stripes Green Sweater,Men,Apparel,Topwear,Sweaters,Green,Summer,2011.0,Casual,2500,19393.jpg
17199,U.S. Polo Assn. Men Solid Grey Sweater,Men,Apparel,Topwear,Sweaters,Grey,Winter,2016.0,Casual,2660,17199.jpg
23071,Arrow Men Black Sweater,Men,Apparel,Topwear,Sweaters,Black,Fall,2011.0,Casual,1510,23071.jpg
22625,Nike Men Solid Black Sweater,Men,Apparel,Topwear,Sweaters,Black,Fall,2011.0,Sports,1540,22625.jpg
19516,United Colors of Benetton Men Black  Sweater,Men,Apparel,Topwear,Sweaters,Black,Fall,2011.0,Casual,1320,19516.jpg
20305,Jealous 21 Women Solid Magenta Sweater,Women,Apparel,Topwear,Sweaters,Magenta,Fall,2011.0,Casual,2610,20305.jpg
13789,Proline Grey Striped Sweater,Men,Apparel,Topwear,Sweaters,Grey,Fall,2011.0,Casual,2440,13789.jpg
18569,Puma Men Solid Red Sweater,Men,Apparel,Topwear,Sweaters,Red,Fall,2011.0,Casual,1220,18569.jpg
13097,ADIDAS Men Knit Purple Sweaters,Men,Apparel,Topwear,Sweaters,Red,Fall,2011.0,Casual,1780,13097.jpg
20233,Wrangler Women Felt Grey Sweater,Women,Apparel,Topwear,Sweaters,Red,Fall,2011.0,Casual,2780,20233.jpg
16691,Fila Men Blanc Red Sweater,Men,Apparel,Topwear,Sweaters,Red,Fall,2011.0,Casual,1080,16691.jpg
15370,Urban Yoga Women Solid Pink Sweatshirts,Women,Apparel,Topwear,Sweatshirts,Pink,Fall,2011.0,Casual,1860,15370.jpg
23145,Quechua Women  Fleece Off-White Sweatshirt,Women,Apparel,Topwear,Sweatshirts,Off White,Fall,2011.0,Casual,1350,23145.jpg
19324,Myntra Men Solid Maroon Sweatshirt,Men,Apparel,Topwear,Sweatshirts,Maroon,Fall,2011.0,Casual,1310,19324.jpg
11402,United Colors of Benetton Men Winter Black Sweatshirts,Men,Apparel,Topwear,Sweatshirts,Black,Fall,2011.0,Casual,1840,11402.jpg
16442,Levis Men Printed Black Sweatshirts,Men,Apparel,Topwear,Sweatshirts,Black,Fall,2011.0,Casual,1620,16442.jpg
23119,Quechua Men Warm Fleece Grey Sweatshirt,Men,Apparel,Topwear,Sweatshirts,Grey,Fall,2011.0,Casual,1520,23119.jpg
16233,Puma Men Ess Crew Grey Sweatshirt,Men,Apparel,Topwear,Sweatshirts,Grey,Fall,2011.0,Casual,1360,16233.jpg
16557,Basics Men Navy Printed Sweatshirt,Men,Apparel,Topwear,Sweatshirts,Navy Blue,Fall,2011.0,Casual,1360,16557.jpg
20378,Urban Yoga Women Printed Black Sweatshirt,Women,Apparel,Topwear,Sweatshirts,Black,Fall,2011.0,Sports,950,20378.jpg
15625,Nike Men AS Squad FT LS Crew Grey Sweatshirts,Men,Apparel,Topwear,Sweatshirts,Grey,Summer,2012.0,Casual,2250,15625.jpg
23139,Quechua Men Fleece Olive Sweatshirt,Men,Apparel,Topwear,Sweatshirts,Olive,Fall,2011.0,Casual,1290,23139.jpg
13091,ADIDAS Men Cr_Ess 3sfzhood Grey Sweatshirts,Men,Apparel,Topwear,Sweatshirts,Grey,Fall,2011.0,Casual,1720,13091.jpg
16556,Basics Men Grey Printed Sweatshirt,Men,Apparel,Topwear,Sweatshirts,Grey,Fall,2011.0,Casual,1570,16556.jpg
20209,Wrangler Women Cowl Purple Sweatshirt,Women,Apparel,Topwear,Sweatshirts,Purple,Fall,2011.0,Casual,1470,20209.jpg
21725,ADIDAS Men Navy Blue Sweatshirt,Men,Apparel,Topwear,Sweatshirts,Navy Blue,Fall,2011.0,Casual,1040,21725.jpg
19816,U.S. Polo Assn. Men Solid Grey Sweatshirt,Men,Apparel,Topwear,Sweatshirts,Grey,Fall,2011.0,Casual,2480,19816.jpg
24304,ADIDAS Men Printed Black Sweatshirt,Men,Apparel,Topwear,Sweatshirts,Black,Fall,2011.0,Casual,1470,24304.jpg
24288,Quiksilver Men Grey Sweatshirt,Men,Apparel,Topwear,Sweatshirts,Grey,Summer,2012.0,Casual,1620,24288.jpg
1603,Reebok Men Hoops Athletic Navy Sweatshirt,Men,Apparel,Topwear,Sweatshirts,Navy Blue,Fall,2010.0,Casual,2210,1603.jpg
22591,Nike Men Stripes Grey Sweatshirt,Men,Apparel,Topwear,Sweatshirts,Grey,Fall,2011.0,Casual,1940,22591.jpg
14307,ADIDAS Men Printed White Sweatshirts,Men,Apparel,Topwear,Sweatshirts,White,Fall,2011.0,Casual,1720,14307.jpg
20341,Proline Men Solid Grey Sweatshirt,Men,Apparel,Topwear,Sweatshirts,Grey,Fall,2011.0,Casual,2290,20341.jpg
14581,United Colors of Benetton Men Solid Brown Sweatshirts,Men,Apparel,Topwear,Sweatshirts,Brown,Fall,2011.0,Casual,2000,14581.jpg
19811,U.S. Polo Assn. Men Solid Black Sweatshirt,Men,Apparel,Topwear,Sweatshirts,Black,Fall,2011.0,Casual,1580,19811.jpg
14984,ADIDAS Men Real Madrid Black Sweatshirts,Men,Apparel,Topwear,Sweatshirts,Black,Fall,2011.0,Sports,960,14984.jpg
20194,Wrangler Men Seattle Embro White Sweatshirt,Men,Apparel,Topwear,Sweatshirts,White,Fall,2011.0,Casual,1140,20194.jpg
14924,Mr. Men Green Sweatshirt,Men,Apparel,Topwear,Sweatshirts,Green,Fall,2011.0,Casual,1430,14924.jpg
11530,United Colors of Benetton Men Light Winter Green Sweatshirts,Men,Apparel,Topwear,Sweatshirts,Green,Fall,2011.0,Casual,1260,11530.jpg
10029,Nike Women As Script Mas Navy Blue Sweatshirts,Women,Apparel,Topwear,Sweatshirts,Navy Blue,Fall,2011.0,Sports,2090,10029.jpg
13317,Gini and Jony Kids Boys Printed Grey Sweatshirts,Men,Apparel,Topwear,Sweatshirts,Grey,Fall,2011.0,Casual,1440,13317.jpg
46383,ADIDAS Men Black Sweatshirt,Men,Apparel,Topwear,Sweatshirts,Black,Summer,2012.0,Casual,980,46383.jpg
21373,Manchester United Men Printed Black Sweatshirt,Men,Apparel,Topwear,Sweatshirts,Black,Fall,2011.0,Casual,1120,21373.jpg
19949,Puma Men Solid Purple Sweatshirt,Men,Apparel,Topwear,Sweatshirts,Purple,Fall,2011.0,Casual,2120,19949.jpg
16443,Levis Men Printed Black Sweatshirts,Men,Apparel,Topwear,Sweatshirts,Black,Fall,2011.0,Casual,1790,16443.jpg
24307,ADIDAS Men Grey Printed Sweatshirt,Men,Apparel,Topwear,Sweatshirts,Grey,Fall,2011.0,Casual,1610,24307.jpg
14987,ADIDAS Men Solid Black Sweatshirts,Men,Apparel,Topwear,Sweatshirts,Black,Fall,2011.0,Casual,2390,14987.jpg
13106,ADIDAS Men Sf Striped Hood Blue Sweatshirts,Men,Apparel,Topwear,Sweatshirts,Blue,Fall,2011.0,Casual,1540,13106.jpg
12806,Nike Men Zip Grey Sweatshirts,Men,Apparel,Topwear,Sweatshirts,Grey,Fall,2011.0,Sports,1790,12806.jpg
12534,Puma Men Printed Grey Sweatshirts,Men,Apparel,Topwear,Sweatshirts,Grey,Fall,2011.0,Casual,2140,12534.jpg
14113,Flying Machine Men Printed Olive Sweatshirts,Men,Apparel,Topwear,Sweatshirts,Olive,Fall,2011.0,Casual,1950,14113.jpg
7704,Jealous 21 Women's She's Got Attitude Red Top,Women,Apparel,Topwear,Tops,Red,Fall,2011.0,Casual,740,7704.jpg
4920,Gini and Jony Girl's Veeya Pink Infant Kidswear,Women,Apparel,Topwear,Tops,Pink,Summer,2011.0,Casual,1290,4920.jpg
30946,Fabindia Women Blue Cambric Top,Women,Apparel,Topwear,Tops,Blue,Summer,2012.0,Ethnic,1680,30946.jpg
4884,Levis Kids Girl's Darcy Purple Teens Kidswear,Women,Apparel,Topwear,Tops,Purple,Summer,2011.0,Casual,890,4884.jpg
48504,French Connection Women Blue Top,Women,Apparel,Topwear,Tops,Blue,Summer,2012.0,Casual,1020,48504.jpg
38848,Latin Quarters Women Grey Top,Women,Apparel,Topwear,Tops,Grey,Summer,2012.0,Casual,590,38848.jpg
58007,Latin Quarters Women Chartreuse Yellow Top,Women,Apparel,Topwear,Tops,Mustard,Fall,2012.0,Casual,1950,58007.jpg
34574,Tonga Women Printed Black Top,Women,Apparel,Topwear,Tops,Black,Summer,2012.0,Casual,1390,34574.jpg
7154,Scullers For Her Women's Fashion Summer Lite Ash Grey Top,Women,Apparel,Topwear,Tops,Grey,Fall,2011.0,Casual,500,7154.jpg
42235,Sepia Women Black Top,Women,Apparel,Topwear,Tops,Black,Summer,2012.0,Casual,1560,42235.jpg
5012,Gini and Jony Girl's Peggy Pink Kidswear,Women,Apparel,Topwear,Tops,Pink,Summer,2011.0,Casual,1600,5012.jpg
21416,Roxy Women Pink Top,Women,Apparel,Topwear,Tops,Pink,Winter,2012.0,Casual,1900,21416.jpg
26917,Jealous 21 Women Printed Purple Top,Women,Apparel,Topwear,Tops,Purple,Summer,2012.0,Casual,1970,26917.jpg
40990,Palm Tree Girls Milan White Top,Girls,Apparel,Topwear,Tops,White,Summer,2012.0,Casual,1870,40990.jpg
41972,Gini and Jony Girls Summer Up Blue Top,Girls,Apparel,Topwear,Tops,Blue,Summer,2012.0,Casual,900,41972.jpg
43624,Vero Moda Women White Top,Women,Apparel,Topwear,Tops,White,Summer,2012.0,Casual,1240,43624.jpg
33179,Sepia Women Blue Top,Women,Apparel,Topwear,Tops,Blue,Summer,2012.0,Casual,1380,33179.jpg
28473,Urban Yoga Women Printed Turquoise Blue Top,Women,Apparel,Topwear,Tops,Turquoise Blue,Summer,2012.0,Casual,640,28473.jpg
45949,Tokyo Talkies Women White Top,Women,Apparel,Topwear,Tops,White,Summer,2012.0,Casual,1860,45949.jpg
25542,Wrangler Women Striper Tank Yellow Top,Women,Apparel,Topwear,Tops,Yellow,Summer,2012.0,Casual,1180,25542.jpg
38343,Mr. Men Little Miss Girls White Tops,Girls,Apparel,Topwear,Tops,White,Summer,2012.0,Casual,1780,38343.jpg
40409,Tonga Women Black & Cream-Coloured Striped Top,Women,Apparel,Topwear,Tops,Black,Summer,2012.0,Casual,1140,40409.jpg
18173,Doodle Kids Girls Layer Magenta Top,Girls,Apparel,Topwear,Tops,Magenta,Fall,2011.0,Casual,1860,18173.jpg
16137,Tokyo Talkies Women Printed Pink Top,Women,Apparel,Topwear,Tops,Pink,Fall,2011.0,Casual,750,16137.jpg
33169,Sepia Women Yellow Top,Women,Apparel,Topwear,Tops,Yellow,Summer,2012.0,Casual,1970,33169.jpg
5130,Wrangler Women Woodstock Black White Top,Women,Apparel,Topwear,Tops,Black,Summer,2011.0,Casual,1110,5130.jpg
13443,United Colors of Benetton Women Solid White Tops,Women,Apparel,Topwear,Tops,White,Summer,2011.0,Casual,1540,13443.jpg
43924,Femella Women Grey Top,Women,Apparel,Topwear,Tops,Grey,Summer,2012.0,Casual,1130,43924.jpg
43584,Gini and Jony Girls Pink Top,Girls,Apparel,Topwear,Tops,Pink,Summer,2012.0,Casual,1860,43584.jpg
4901,Levis Kids Girl's Desiree Pink Kidswear,Women,Apparel,Topwear,Tops,Pink,Summer,2011.0,Casual,1340,4901.jpg
50705,Latin Quarters Women Cream Printed Top,Women,Apparel,Topwear,Tops,Cream,Summer,2012.0,Casual,1170,50705.jpg
10336,United Colors of Benetton Women Stripes Black Tops,Women,Apparel,Topwear,Tops,Black,Fall,2011.0,Casual,1320,10336.jpg
31122,Gini and Jony Girls Printed White Top,Girls,Apparel,Topwear,Tops,White,Summer,2012.0,Casual,1930,31122.jpg
5136,Wrangler Women Yoke Tucks Checks Pink White Top,Women,Apparel,Topwear,Tops,Pink,Summer,2011.0,Casual,1100,5136.jpg
7312,UCB Women's Short Sleeve Polo Pink Top,Women,Apparel,Topwear,Tops,Pink,Summer,2011.0,Casual,1630,7312.jpg
26359,Arrow Women Black Top,Women,Apparel,Topwear,Tops,Black,Summer,2012.0,Casual,760,26359.jpg
39216,Femella Women Animal Print One Shoulder Black & Brown Top,Women,Apparel,Topwear,Tops,Black,Summer,2012.0,Casual,890,39216.jpg
57107,Elle Women Green Essentials Top,Women,Apparel,Topwear,Tops,Olive,Summer,2012.0,Casual,1360,57107.jpg
12851,Ant Kids Crystal Button Black Tops,Women,Apparel,Topwear,Tops,Black,Fall,2011.0,Casual,1860,12851.jpg
18743,Arrow Woman Cameron Orange Top,Women,Apparel,Topwear,Tops,Orange,Fall,2011.0,Casual,1280,18743.jpg
38575,Nike Men Breakline Black Track Pants,Men,Apparel,Bottomwear,Track Pants,Black,Summer,2012.0,Sports,960,38575.jpg
18869,Puma Women Black Core Track Pants,Women,Apparel,Bottomwear,Track Pants,Black,Fall,2011.0,Casual,1760,18869.jpg
29020,ADIDAS Men Grey Track Pants,Men,Apparel,Bottomwear,Track Pants,Grey,Summer,2013.0,Sports,1220,29020.jpg
14392,Puma Ess Sweat Pants Track Pant,Men,Apparel,Bottomwear,Track Pants,Black,Fall,2011.0,Casual,1430,14392.jpg
7887,Proline Men Blue Track Pants,Men,Apparel,Bottomwear,Track Pants,Blue,Fall,2011.0,Casual,1720,7887.jpg
4774,ADIDAS Women 3S Pink Track Pants,Women,Apparel,Bottomwear,Track Pants,Pink,Summer,2011.0,Sports,600,4774.jpg
5027,ADIDAS Men's Long Black Capris,Men,Apparel,Bottomwear,Track Pants,Black,Summer,2011.0,Sports,1220,5027.jpg
1604,Reebok Track Pants Women Blue,Women,Apparel,Bottomwear,Track Pants,Blue,Fall,2010.0,Sports,1190,1604.jpg
44917,Puma Men Blue Track Pants,Men,Apparel,Bottomwear,Track Pants,Blue,Summer,2012.0,Casual,1030,44917.jpg
30605,Nike Men Classic Jersey Grey Track Pants,Men,Apparel,Bottomwear,Track Pants,Grey,Summer,2012.0,Casual,1480,30605.jpg
34203,Proline Men Charcoal Grey Track Pants,Men,Apparel,Bottomwear,Track Pants,Charcoal,Winter,2013.0,Casual,1790,34203.jpg
2118,ADIDAS Men's Foamy Striped Track Pants,Men,Apparel,Bottomwear,Track Pants,Black,Fall,2010.0,Sports,1260,2118.jpg
43081,Nike Women Navy Blue Track Pant,Women,Apparel,Bottomwear,Track Pants,Navy Blue,Summer,2012.0,Casual,1550,43081.jpg
25033,Nike Men Grey Track Pant,Men,Apparel,Bottomwear,Track Pants,Grey,Summer,2011.0,Sports,1500,25033.jpg
7126,Urban Yoga Women Bottom Grey Track Pant,Women,Apparel,Bottomwear,Track Pants,Grey,Fall,2011.0,Casual,1500,7126.jpg
17993,Puma Women Essential Skinny Grey Track Pant,Women,Apparel,Bottomwear,Track Pants,Grey,Fall,2009.0,Sports,1040,17993.jpg
30616,Nike Women Black Track Pants,Women,Apparel,Bottomwear,Track Pants,Black,Summer,2012.0,Sports,1640,30616.jpg
44630,Nike Men Charcoal Track Pants,Men,Apparel,Bottomwear,Track Pants,Charcoal,Summer,2012.0,Sports,1570,44630.jpg
2114,ADIDAS Women Essential Black Candy Pants,Women,Apparel,Bottomwear,Track Pants,Black,Fall,2010.0,Sports,950,2114.jpg
8763,Puma Women's Jersey Grey Track Pant,Women,Apparel,Bottomwear,Track Pants,Grey,Fall,2011.0,Sports,770,8763.jpg
26260,Proline Men Grey Track Pants,Men,Apparel,Bottomwear,Track Pants,Grey,Summer,2012.0,Sports,1180,26260.jpg
2255,ADIDAS Men Brown Track Pant,Men,Apparel,Bottomwear,Track Pants,Brown,Fall,2010.0,Sports,1650,2255.jpg
10751,Nike Men Breakline Grey Track Pants,Men,Apparel,Bottomwear,Track Pants,Grey,Fall,2011.0,Sports,1280,10751.jpg
23870,ADIDAS Men Black  Track Pant,Men,Apparel,Bottomwear,Track Pants,Black,Fall,2011.0,Casual,790,23870.jpg
11125,Urban Yoga Women Solid Black Track Pants,Women,Apparel,Bottomwear,Track Pants,Black,Fall,2011.0,Sports,1080,11125.jpg
43083,Nike Women Black  Track Pants,Women,Apparel,Bottomwear,Track Pants,Black,Summer,2012.0,Casual,1230,43083.jpg
26259,Proline Men Navy Track Pants,Men,Apparel,Bottomwear,Track Pants,Navy Blue,Summer,2012.0,Sports,1060,26259.jpg
28501,Urban Yoga Men Navy Blue Track Pants,Men,Apparel,Bottomwear,Track Pants,Navy Blue,Summer,2012.0,Sports,1010,28501.jpg
15622,Nike Men AD Breakline OH Black Track Pants,Men,Apparel,Bottomwear,Track Pants,Black,Summer,2012.0,Casual,900,15622.jpg
15611,Nike Men Casual Navy Blue Track Pants,Men,Apparel,Bottomwear,Track Pants,Navy Blue,Fall,2011.0,Casual,650,15611.jpg
9076,ADIDAS Women Wo Basic Yo Pant Blue Trackpant,Women,Apparel,Bottomwear,Track Pants,Blue,Fall,2011.0,Sports,690,9076.jpg
40108,ADIDAS Men Black Pants,Men,Apparel,Bottomwear,Track Pants,Black,Summer,2012.0,Casual,1100,40108.jpg
7486,Nike Women's Be Bold Navy Blue Track Pant,Women,Apparel,Bottomwear,Track Pants,Navy Blue,Summer,2011.0,Sports,1570,7486.jpg
44913,Puma Men White Track Pants,Men,Apparel,Bottomwear,Track Pants,White,Summer,2012.0,Casual,750,44913.jpg
7133,Urban Yoga Men Bottom Grey Yoga Pants,Men,Apparel,Bottomwear,Track Pants,Grey,Fall,2011.0,Casual,1530,7133.jpg
53748,ADIDAS Women Grey Track Pants,Women,Apparel,Bottomwear,Track Pants,Grey,Fall,2012.0,Casual,1450,53748.jpg
2110,ADIDAS Women Very Berry Lycra Track Pants,Women,Apparel,Bottomwear,Track Pants,Tan,Fall,2010.0,Sports,1780,2110.jpg
6519,Nike Men Soccer Liga Black Track Pant,Men,Apparel,Bottomwear,Track Pants,Blue,Summer,2011.0,Sports,1000,6519.jpg
12537,Puma Men Solid Grey Track Pants,Men,Apparel,Bottomwear,Track Pants,Grey,Fall,2011.0,Casual,1380,12537.jpg
7889,Proline Men Grey Track Pants,Men,Apparel,Bottomwear,Track Pants,Grey,Fall,2011.0,Casual,1610,7889.jpg
16800,Highlander Men Solid Black Trouser,Men,Apparel,Bottomwear,Trousers,Black,Fall,2011.0,Casual,1620,16800.jpg
16071,Highlander Men Solid Beige Trouser,Men,Apparel,Bottomwear,Trousers,Beige,Fall,2011.0,Casual,1300,16071.jpg
27614,Scullers Men Beige Trousers,Men,Apparel,Bottomwear,Trousers,Beige,Summer,2012.0,Casual,1100,27614.jpg
26817,Arrow Men Navy Blue Trousers,Men,Apparel,Bottomwear,Trousers,Navy Blue,Summer,2012.0,Formal,2140,26817.jpg
31570,Mark Taylor Men Striped Black Trousers,Men,Apparel,Bottomwear,Trousers,Black,Summer,2012.0,Formal,2210,31570.jpg
16020,Turtle Solid Men Grey Trouser,Men,Apparel,Bottomwear,Trousers,Grey,Fall,2011.0,Casual,810,16020.jpg
48392,French Connection Men Navy Blue Trousers,Men,Apparel,Bottomwear,Trousers,Navy Blue,Summer,2012.0,Casual,2340,48392.jpg
48391,French Connection Men Grey Trousers,Men,Apparel,Bottomwear,Trousers,Grey,Summer,2012.0,Casual,2380,48391.jpg
43912,Femella Women Black Trousers,Women,Apparel,Bottomwear,Trousers,Black,Summer,2012.0,Casual,1020,43912.jpg
8835,Scullers Men Scul Green Trousers,Men,Apparel,Bottomwear,Trousers,Green,Summer,2011.0,Formal,2390,8835.jpg
16368,Peter England Men Stripes Charcoal Trouser,Men,Apparel,Bottomwear,Trousers,Charcoal,Fall,2011.0,Formal,1670,16368.jpg
39752,Gini Jony Boys Khaki Trousers,Boys,Apparel,Bottomwear,Trousers,Khaki,Summer,2012.0,Casual,1250,39752.jpg
57824,United Colors of Benetton Green Trouser,Women,Apparel,Bottomwear,Trousers,Green,Fall,2012.0,Casual,1160,57824.jpg
15122,Arrow Men  Autoflex Brown Trousers,Men,Apparel,Bottomwear,Trousers,Brown,Fall,2011.0,Formal,2440,15122.jpg
13288,Gini and Jony Kids Solid Beige Trousers,Men,Apparel,Bottomwear,Trousers,Beige,Fall,2011.0,Casual,2220,13288.jpg
26835,Highlander Men Brown Trousers,Men,Apparel,Bottomwear,Trousers,Brown,Summer,2012.0,Casual,1860,26835.jpg
26163,John Miller Men Dark Grey Trousers,Men,Apparel,Bottomwear,Trousers,Grey,Summer,2012.0,Formal,1750,26163.jpg
27183,Mark Taylor Men Striped Charcoal Trousers,Men,Apparel,Bottomwear,Trousers,Charcoal,Summer,2012.0,Formal,900,27183.jpg
13855,Indigo Nation Men Solid Blue Trousers,Men,Apparel,Bottomwear,Trousers,Blue,Fall,2011.0,Formal,1940,13855.jpg
26384,Turtle Men Black Trousers,Men,Apparel,Bottomwear,Trousers,Black,Summer,2012.0,Formal,1310,26384.jpg
31562,Mark Taylor Men Striped Black Trousers,Men,Apparel,Bottomwear,Trousers,Black,Summer,2012.0,Formal,1050,31562.jpg
54225,Highlander Men Khaki Chinos,Men,Apparel,Bottomwear,Trousers,Khaki,Summer,2012.0,Casual,1730,54225.jpg
14714,Genesis Men Solid Navy Blue Trousers,Men,Apparel,Bottomwear,Trousers,Navy Blue,Fall,2011.0,Formal,1070,14714.jpg
31425,Highlander Men Grey Trousers,Men,Apparel,Bottomwear,Trousers,Grey,Summer,2012.0,Casual,2440,31425.jpg
31434,Highlander Men Grey Trousers,Men,Apparel,Bottomwear,Trousers,Grey,Summer,2012.0,Casual,1750,31434.jpg
16382,Peter England Men Solid Grey Trouser,Men,Apparel,Bottomwear,Trousers,Charcoal,Fall,2011.0,Formal,2170,16382.jpg
27919,Scullers For Her Light Brown Trousers,Women,Apparel,Bottomwear,Trousers,Brown,Summer,2012.0,Formal,1890,27919.jpg
26822,Highlander Men Olive Trousers,Men,Apparel,Bottomwear,Trousers,Olive,Summer,2012.0,Casual,1940,26822.jpg
27928,Scullers For Her Beige Trouser,Women,Apparel,Bottomwear,Trousers,Beige,Summer,2012.0,Casual,2020,27928.jpg
39795,Peter England Men Black Formal Trousers,Men,Apparel,Bottomwear,Trousers,Black,Summer,2012.0,Formal,1450,39795.jpg
16613,Genesis Men Stripes Grey Trouser,Men,Apparel,Bottomwear,Trousers,Grey,Fall,2011.0,Formal,2340,16613.jpg
11324,United Colors of Benetton Men Black and Brown Checked Trousers,Men,Apparel,Bottomwear,Trousers,Black,Fall,2011.0,Smart Casual,1700,11324.jpg
8904,Indigo Nation Men ID Solid White Trousers,Men,Apparel,Bottomwear,Trousers,White,Fall,2011.0,Formal,2050,8904.jpg
54896,Do u speak green Boys Olive Trousers,Boys,Apparel,Bottomwear,Trousers,Olive,Summer,2012.0,Casual,2470,54896.jpg
15749,Highlander Men Solid Navy Blue Trousers,Men,Apparel,Bottomwear,Trousers,Navy Blue,Fall,2011.0,Casual,2270,15749.jpg
16614,Genesis Men Stripes Brown Trouser,Men,Apparel,Bottomwear,Trousers,Brown,Fall,2011.0,Formal,1830,16614.jpg
12674,Probase Men Solid Olive Cargos,Men,Apparel,Bottomwear,Trousers,Olive,Fall,2011.0,Casual,1670,12674.jpg
11312,Scullers Men Rugged Chinos Beige Trousers,Men,Apparel,Bottomwear,Trousers,Beige,Fall,2011.0,Casual,1920,11312.jpg
23072,Arrow Men Navy Blue Solid Trousers,Men,Apparel,Bottomwear,Trousers,Navy Blue,Winter,2014.0,Formal,1710,23072.jpg
39792,Peter England Men Brown Trousers,Men,Apparel,Bottomwear,Trousers,Brown,Summer,2012.0,Formal,1120,39792.jpg
24050,Locomotive Men Printed Blue T-shirt,Men,Apparel,Topwear,Tshirts,Blue,Fall,2011.0,Casual,1160,24050.jpg
13967,Ed Hardy Men Printed Red Tshirts,Men,Apparel,Topwear,Tshirts,Red,Fall,2011.0,Casual,1280,13967.jpg
4256,Inkfruit Men Grey Melange Printed T-shirt,Men,Apparel,Topwear,Tshirts,Grey Melange,Summer,2011.0,Casual,880,4256.jpg
50194,Gini and Jony Boys Black T-shirt,Boys,Apparel,Topwear,Tshirts,Black,Summer,2012.0,Casual,860,50194.jpg
58372,Locomotive Men Beige T-shirt,Men,Apparel,Topwear,Tshirts,Beige,Summer,2012.0,Casual,660,58372.jpg
4361,Free Authority Men's Melting Times Blue T-shirt,Men,Apparel,Topwear,Tshirts,Blue,Summer,2011.0,Casual,1170,4361.jpg
4319,Tantra Kid's Unisex Free Spirit Turquoise Kidswear,Unisex,Apparel,Topwear,Tshirts,Blue,Summer,2011.0,Casual,650,4319.jpg
9961,Nike Men Medals Crew White T-Shirts,Men,Apparel,Topwear,Tshirts,White,Fall,2011.0,Sports,1260,9961.jpg
6724,Locomotive Men's Print Electric Supply Blue T-shirt,Men,Apparel,Topwear,Tshirts,Navy Blue,Summer,2011.0,Casual,1050,6724.jpg
3110,Probase Men's Western Highway Black T-shirt,Men,Apparel,Topwear,Tshirts,Black,Summer,2011.0,Casual,680,3110.jpg
13966,Ed Hardy Men Solid White Tshirts,Men,Apparel,Topwear,Tshirts,White,Fall,2011.0,Casual,1180,13966.jpg
6272,UCB Men's Contrast Rib Grey T-shirt,Men,Apparel,Topwear,Tshirts,Grey,Summer,2011.0,Casual,1200,6272.jpg
7988,Fila Men's Round Neck Yellow Black T-shirt,Men,Apparel,Topwear,Tshirts,Yellow,Fall,2011.0,Sports,930,7988.jpg
22330,John Players Men Stripes White T-Shirt,Men,Apparel,Topwear,Tshirts,White,Fall,2011.0,Casual,900,22330.jpg
37155,Campbell Men Pack of 3 T-shirt,Men,Apparel,Topwear,Tshirts,White,Summer,2016.0,Casual,1040,37155.jpg
29247,ADIDAS Men Lakers Yellow Jersey,Men,Apparel,Topwear,Tshirts,Yellow,Summer,2012.0,Sports,640,29247.jpg
8340,Doodle Boy's Volleyball Champion Black White Kidswear,Boys,Apparel,Topwear,Tshirts,Black,Fall,2011.0,Casual,680,8340.jpg
53118,Myntra Women Pink T-shirt,Women,Apparel,Topwear,Tshirts,Pink,Summer,2012.0,Casual,850,53118.jpg
4082,Inkfruit Men's Avast Ye Beige T-shirt,Men,Apparel,Topwear,Tshirts,Beige,Summer,2011.0,Casual,480,4082.jpg
7012,Classic Polo Men's Green Polo With Grey Stripes T-shirt,Men,Apparel,Topwear,Tshirts,Green,Summer,2011.0,Casual,1130,7012.jpg
12884,Spykar Men Helmet Grey T-Shirts,Men,Apparel,Topwear,Tshirts,Grey,Fall,2011.0,Casual,690,12884.jpg
28844,Proline Men Charcoal T-shirt,Men,Apparel,Topwear,Tshirts,Charcoal,Summer,2012.0,Casual,640,28844.jpg
2091,ADIDAS Mens ESS 3S Polo T-shirt,Men,Apparel,Topwear,Tshirts,Maroon,Fall,2010.0,Sports,680,2091.jpg
10993,Inkfruit Men Tea Kwon Do Grey Tshirts,Men,Apparel,Topwear,Tshirts,Grey,Fall,2011.0,Casual,740,10993.jpg
3779,Status Quo Men's Black Polo T-shirt,Men,Apparel,Topwear,Tshirts,Black,Summer,2011.0,Casual,730,3779.jpg
33304,Gini and Jony Boys Pack of 2 T-shirts,Boys,Apparel,Topwear,Tshirts,Yellow,Summer,2012.0,Casual,950,33304.jpg
2743,Classic Polo Men's White T-shirt,Men,Apparel,Topwear,Tshirts,White,Summer,2011.0,Casual,480,2743.jpg
2847,Mr.Men Men's Is There More Love Purple T-shirt,Men,Apparel,Topwear,Tshirts,Purple,Summer,2011.0,Casual,540,2847.jpg
10465,Flying Machine Men Paisley Purple Tshirts,Men,Apparel,Topwear,Tshirts,Purple,Fall,2011.0,Casual,550,10465.jpg
7749,Indigo Nation Men Young Lords Purple T-shirt,Men,Apparel,Topwear,Tshirts,Purple,Fall,2011.0,Casual,640,7749.jpg
51370,Spykar Men Black T-shirt,Men,Apparel,Topwear,Tshirts,Black,Summer,2012.0,Casual,790,51370.jpg
37532,Madagascar3 Infant Boys Light Blue T-Shirt,Boys,Apparel,Topwear,Tshirts,Blue,Summer,2012.0,Casual,1110,37532.jpg
4209,Disney Kids Boy's Green Mickey On Skates Kidswear,Boys,Apparel,Topwear,Tshirts,Green,Summer,2011.0,Casual,560,4209.jpg
2615,Nike Black Bleed Blue T-shirt,Men,Apparel,Topwear,Tshirts,Blue,Fall,2010.0,Sports,1120,2615.jpg
31102,Gini and jony Boys Printed Red T-shirt,Boys,Apparel,Topwear,Tshirts,Red,Summer,2012.0,Casual,620,31102.jpg
6207,Lee Men's Sheild White T-shirt,Men,Apparel,Topwear,Tshirts,White,Summer,2011.0,Casual,460,6207.jpg
7817,Proline Men Purple Striped Polo T-shirt,Men,Apparel,Topwear,Tshirts,Purple,Fall,2011.0,Casual,820,7817.jpg
23973,Peter England Men Purple Printed T-shirt,Men,Apparel,Topwear,Tshirts,Purple,Fall,2011.0,Casual,820,23973.jpg
4371,Mickey Men's Pluto Order Comic Charcoal T-shirt,Men,Apparel,Topwear,Tshirts,Grey,Summer,2011.0,Casual,740,4371.jpg
3082,Probase Men's Cartoon Navy T-shirt,Men,Apparel,Topwear,Tshirts,Navy Blue,Summer,2011.0,Casual,950,3082.jpg
33204,Sepia Women Grey Tunic,Women,Apparel,Topwear,Tunics,Grey,Summer,2012.0,Casual,1650,33204.jpg
43665,ONLY Women Purple Tunic,Women,Apparel,Topwear,Tunics,Purple,Summer,2012.0,Casual,1550,43665.jpg
9803,Scullers For Her Women Scullers Top Navy Blue Tops,Women,Apparel,Topwear,Tunics,Navy Blue,Fall,2011.0,Casual,830,9803.jpg
21882,BIBA OUTLET Women Printed Navy Blue Kaftan Top,Women,Apparel,Topwear,Tunics,Blue,Fall,2011.0,Ethnic,1120,21882.jpg
23442,Satya Paul Women Orange Printed Tunic,Women,Apparel,Topwear,Tunics,Orange,Fall,2011.0,Casual,1560,23442.jpg
37940,Mineral Women Orange Tunic,Women,Apparel,Topwear,Tunics,Orange,Summer,2012.0,Casual,1500,37940.jpg
46246,Fusion Beats Women Green Printed Tunic,Women,Apparel,Topwear,Tunics,Green,Summer,2012.0,Casual,2280,46246.jpg
57202,Elle Women Blue Tunic,Women,Apparel,Topwear,Tunics,Blue,Summer,2012.0,Casual,1900,57202.jpg
28946,BIBA OUTLET Women White Tunic,Women,Apparel,Topwear,Tunics,White,Summer,2012.0,Ethnic,2120,28946.jpg
18269,Aneri Women Monalisa Black Tunic,Women,Apparel,Topwear,Tunics,Black,Fall,2011.0,Casual,740,18269.jpg
54554,Global Desi Women Purple & White Tunic,Women,Apparel,Topwear,Tunics,White,Summer,2012.0,Casual,2270,54554.jpg
7157,Scullers For Her Women Fashion Summer Black Tunics,Women,Apparel,Topwear,Tunics,Black,Fall,2011.0,Casual,1880,7157.jpg
46263,109F Women Black Printed Tunic,Women,Apparel,Topwear,Tunics,Black,Summer,2012.0,Casual,1480,46263.jpg
53816,Ayaany Women Printed Red Tunic,Women,Apparel,Topwear,Tunics,White,Fall,2012.0,Casual,1680,53816.jpg
25961,Femella Women Black Tunic,Women,Apparel,Topwear,Tunics,Black,Summer,2012.0,Casual,710,25961.jpg
46275,109F Women Blue & White Printed Tunic,Women,Apparel,Topwear,Tunics,Blue,Summer,2012.0,Casual,1420,46275.jpg
57193,Elle Women Pink Tunic,Women,Apparel,Topwear,Tunics,Pink,Summer,2012.0,Casual,1310,57193.jpg
57197,Elle Women BlueTunic,Women,Apparel,Topwear,Tunics,Blue,Summer,2012.0,Casual,2240,57197.jpg
57186,Elle Women Multi Coloured Tunic,Women,Apparel,Topwear,Tunics,Pink,Summer,2012.0,Casual,1500,57186.jpg
11028,Wrangler Women Blue Kangroo Pocket Tunic,Women,Apparel,Topwear,Tunics,Blue,Fall,2011.0,Casual,1560,11028.jpg
57182,Elle Women Red Tunic,Women,Apparel,Topwear,Tunics,Red,Summer,2012.0,Casual,1800,57182.jpg
38722,Global Desi Women Cream Tunic,Women,Apparel,Topwear,Tunics,Cream,Summer,2012.0,Ethnic,2230,38722.jpg
41792,Remanika Women Black Tunic,Women,Apparel,Topwear,Tunics,Black,Summer,2012.0,Casual,2200,41792.jpg
57203,Elle Women Olive Tunic,Women,Apparel,Topwear,Tunics,Olive,Summer,2012.0,Casual,1820,57203.jpg
57195,Elle Women Olive Green Tunic,Women,Apparel,Topwear,Tunics,Olive,Summer,2012.0,Casual,1930,57195.jpg
56640,Mumbai Slang Women Multi Coloured Tunic,Women,Apparel,Topwear,Tunics,Blue,Summer,2012.0,Casual,1150,56640.jpg
56643,Mumbai Slang Women Blue Tunic,Women,Apparel,Topwear,Tunics,Blue,Summer,2012.0,Casual,1700,56643.jpg
25963,Femella Women Purple Tunic,Women,Apparel,Topwear,Tunics,Purple,Summer,2012.0,Casual,1150,25963.jpg
46255,Fusion Beats Women Multi Coloured Tunic,Women,Apparel,Topwear,Tunics,Brown,Summer,2012.0,Casual,1260,46255.jpg
49769,Alma Women White Tunic,Women,Apparel,Topwear,Tunics,White,Summer,2012.0,Casual,1590,49769.jpg
30959,Fabindia Women Printed Green Kalamkari Tunic,Women,Apparel,Topwear,Tunics,Green,Summer,2012.0,Ethnic,1690,30959.jpg
40009,Park Avenue Men Black & Green Frame Sunglasses,Men,Apparel,Topwear,Tunics,Green,Fall,2012.0,Casual,760,40009.jpg
25962,Femella Women Brown Tunic,Women,Apparel,Topwear,Tunics,Brown,Summer,2012.0,Casual,1500,25962.jpg
42197,Sepia Women Navy Blue Tunic,Women,Apparel,Topwear,Tunics,Navy Blue,Summer,2012.0,Casual,1390,42197.jpg
46283,109F Women White Tunic,Women,Apparel,Topwear,Tunics,White,Summer,2012.0,Casual,2070,46283.jpg
42211,Sepia Women Lavender Tunic,Women,Apparel,Topwear,Tunics,Lavender,Summer,2012.0,Casual,2090,42211.jpg
33963,Femella Women Red Tunic,Women,Apparel,Topwear,Tunics,Red,Summer,2012.0,Casual,1530,33963.jpg
54559,Global Desi Women Red Tunic,Women,Apparel,Topwear,Tunics,Red,Summer,2012.0,Casual,2180,54559.jpg
43663,ONLY Women Green Tunic,Women,Apparel,Topwear,Tunics,Green,Summer,2012.0,Casual,1040,43663.jpg
57194,Elle Women Yellow Vintage Tunic,Women,Apparel,Topwear,Tunics,Yellow,Summer,2012.0,Casual,1660,57194.jpg
